#
# There is insufficient memory for the Java Runtime Environment to continue.
# Native memory allocation (mmap) failed to map 399507456 bytes. Error detail: G1 virtual space
# Possible reasons:
#   The system is out of physical RAM or swap space
#   This process is running with CompressedOops enabled, and the Java Heap may be blocking the growth of the native heap
# Possible solutions:
#   Reduce memory load on the system
#   Increase physical memory or swap space
#   Check if swap backing store is full
#   Decrease Java heap size (-Xmx/-Xms)
#   Decrease number of Java threads
#   Decrease Java thread stack sizes (-Xss)
#   Set larger code cache with -XX:ReservedCodeCacheSize=
#   JVM is running with Unscaled Compressed Oops mode in which the Java heap is
#     placed in the first 4GB address space. The Java Heap base address is the
#     maximum limit for the native heap growth. Please use -XX:HeapBaseMinAddress
#     to set the Java Heap base and to place the Java Heap above 4GB virtual address.
# This output file may be truncated or incomplete.
#
#  Out of Memory Error (os_windows.cpp:3564), pid=4472, tid=9160
#
# JRE version: Java(TM) SE Runtime Environment (24.0.1+9) (build 24.0.1+9-30)
# Java VM: Java HotSpot(TM) 64-Bit Server VM (24.0.1+9-30, mixed mode, emulated-client, sharing, tiered, compressed oops, compressed class ptrs, g1 gc, windows-amd64)
# No core dump will be written. Minidumps are not enabled by default on client versions of Windows
#

---------------  S U M M A R Y ------------

Command Line: -XX:TieredStopAtLevel=1 com.group3.backend.BackendApplication

Host: 11th Gen Intel(R) Core(TM) i5-11400H @ 2.70GHz, 12 cores, 7G,  Windows 11 , 64 bit Build 22621 (10.0.22621.5413)
Time: Fri Jul  4 23:12:17 2025 SE Asia Standard Time elapsed time: 10384.234825 seconds (0d 2h 53m 4s)

---------------  T H R E A D  ---------------

Current thread (0x00000145ff897b60):  VMThread "VM Thread"          [id=9160, stack(0x0000001284800000,0x0000001284900000) (1024K)]

Stack: [0x0000001284800000,0x0000001284900000]
Native frames: (J=compiled Java code, j=interpreted, Vv=VM code, C=native code)
V  [jvm.dll+0x730739]  (no source info available)
V  [jvm.dll+0x8d9b23]  (no source info available)
V  [jvm.dll+0x8dc00d]  (no source info available)
V  [jvm.dll+0x8dc683]  (no source info available)
V  [jvm.dll+0x2aa086]  (no source info available)
V  [jvm.dll+0x72cc65]  (no source info available)
V  [jvm.dll+0x72059a]  (no source info available)
V  [jvm.dll+0x390cea]  (no source info available)
V  [jvm.dll+0x3989f6]  (no source info available)
V  [jvm.dll+0x38523e]  (no source info available)
V  [jvm.dll+0x3854f8]  (no source info available)
V  [jvm.dll+0x35d0cc]  (no source info available)
V  [jvm.dll+0x35d15a]  (no source info available)
V  [jvm.dll+0x3aa702]  (no source info available)
V  [jvm.dll+0x3a8d82]  (no source info available)
V  [jvm.dll+0x35c897]  (no source info available)
V  [jvm.dll+0x3a8534]  (no source info available)
V  [jvm.dll+0x8e2742]  (no source info available)
V  [jvm.dll+0x8e3a8c]  (no source info available)
V  [jvm.dll+0x8e3ff8]  (no source info available)
V  [jvm.dll+0x8e4293]  (no source info available)
V  [jvm.dll+0x87d76b]  (no source info available)
V  [jvm.dll+0x72ee55]  (no source info available)
C  [ucrtbase.dll+0x29333]  (no source info available)
C  [KERNEL32.DLL+0x1259d]  (no source info available)
C  [ntdll.dll+0x5af78]  (no source info available)

VM_Operation (0x00000012869f9340): G1CollectForAllocation, mode: safepoint, requested by thread 0x00000145ca35c580


---------------  P R O C E S S  ---------------

Threads class SMR info:
_java_thread_list=0x0000014582cbc810, length=30, elements={
0x00000145ff8a85a0, 0x00000145ff8a8fa0, 0x00000145ff8aa120, 0x00000145ff8abec0,
0x00000145ff8aed50, 0x00000145ff8b98a0, 0x00000145ff8bad20, 0x00000145822b7dc0,
0x00000145822dbf80, 0x00000145c8041060, 0x00000145c950c020, 0x0000014582c668e0,
0x0000014582c67030, 0x0000014582c67780, 0x0000014582c67ed0, 0x00000145ca35be30,
0x00000145ca35c580, 0x00000145ca359250, 0x00000145ca3599a0, 0x00000145ca35a0f0,
0x00000145ca35af90, 0x00000145ca35a840, 0x00000145ca35b6e0, 0x00000145ca3ad390,
0x00000145ca3aa060, 0x00000145ca3af0d0, 0x00000145ca3adae0, 0x00000145ca3b0e10,
0x00000145ca3af820, 0x00000145ca3aff70
}

Java Threads: ( => current thread )
  0x00000145ff8a85a0 JavaThread "Reference Handler"          daemon [_thread_blocked, id=19112, stack(0x0000001284900000,0x0000001284a00000) (1024K)]
  0x00000145ff8a8fa0 JavaThread "Finalizer"                  daemon [_thread_blocked, id=18700, stack(0x0000001284a00000,0x0000001284b00000) (1024K)]
  0x00000145ff8aa120 JavaThread "Signal Dispatcher"          daemon [_thread_blocked, id=19568, stack(0x0000001284b00000,0x0000001284c00000) (1024K)]
  0x00000145ff8abec0 JavaThread "Attach Listener"            daemon [_thread_blocked, id=4304, stack(0x0000001284c00000,0x0000001284d00000) (1024K)]
  0x00000145ff8aed50 JavaThread "Service Thread"             daemon [_thread_blocked, id=3468, stack(0x0000001284d00000,0x0000001284e00000) (1024K)]
  0x00000145ff8b98a0 JavaThread "Monitor Deflation Thread"   daemon [_thread_blocked, id=11164, stack(0x0000001284e00000,0x0000001284f00000) (1024K)]
  0x00000145ff8bad20 JavaThread "C1 CompilerThread0"         daemon [_thread_blocked, id=22868, stack(0x0000001284f00000,0x0000001285000000) (1024K)]
  0x00000145822b7dc0 JavaThread "Notification Thread"        daemon [_thread_blocked, id=18096, stack(0x0000001285000000,0x0000001285100000) (1024K)]
  0x00000145822dbf80 JavaThread "Common-Cleaner"             daemon [_thread_blocked, id=11488, stack(0x0000001285100000,0x0000001285200000) (1024K)]
  0x00000145c8041060 JavaThread "PostgreSQL-JDBC-Cleaner"    daemon [_thread_blocked, id=24216, stack(0x0000001286300000,0x0000001286400000) (1024K)]
  0x00000145c950c020 JavaThread "HikariPool-1 housekeeper"   daemon [_thread_blocked, id=22092, stack(0x0000001286400000,0x0000001286500000) (1024K)]
  0x0000014582c668e0 JavaThread "Catalina-utility-1"                [_thread_blocked, id=20336, stack(0x0000001286600000,0x0000001286700000) (1024K)]
  0x0000014582c67030 JavaThread "Catalina-utility-2"                [_thread_blocked, id=24460, stack(0x0000001286700000,0x0000001286800000) (1024K)]
  0x0000014582c67780 JavaThread "container-0"                       [_thread_blocked, id=22612, stack(0x0000001286800000,0x0000001286900000) (1024K)]
  0x0000014582c67ed0 JavaThread "File Watcher"               daemon [_thread_blocked, id=24600, stack(0x0000001286500000,0x0000001286600000) (1024K)]
  0x00000145ca35be30 JavaThread "Live Reload Server"         daemon [_thread_in_native, id=24608, stack(0x0000001286a00000,0x0000001286b00000) (1024K)]
  0x00000145ca35c580 JavaThread "http-nio-8080-exec-1"       daemon [_thread_blocked, id=24612, stack(0x0000001286900000,0x0000001286a00000) (1024K)]
  0x00000145ca359250 JavaThread "http-nio-8080-exec-2"       daemon [_thread_blocked, id=24616, stack(0x0000001286b00000,0x0000001286c00000) (1024K)]
  0x00000145ca3599a0 JavaThread "http-nio-8080-exec-3"       daemon [_thread_blocked, id=24620, stack(0x0000001286c00000,0x0000001286d00000) (1024K)]
  0x00000145ca35a0f0 JavaThread "http-nio-8080-exec-4"       daemon [_thread_blocked, id=24624, stack(0x0000001286d00000,0x0000001286e00000) (1024K)]
  0x00000145ca35af90 JavaThread "http-nio-8080-exec-5"       daemon [_thread_blocked, id=24628, stack(0x0000001286e00000,0x0000001286f00000) (1024K)]
  0x00000145ca35a840 JavaThread "http-nio-8080-exec-6"       daemon [_thread_blocked, id=24632, stack(0x0000001286f00000,0x0000001287000000) (1024K)]
  0x00000145ca35b6e0 JavaThread "http-nio-8080-exec-7"       daemon [_thread_blocked, id=24636, stack(0x0000001287000000,0x0000001287100000) (1024K)]
  0x00000145ca3ad390 JavaThread "http-nio-8080-exec-8"       daemon [_thread_blocked, id=24640, stack(0x0000001287100000,0x0000001287200000) (1024K)]
  0x00000145ca3aa060 JavaThread "http-nio-8080-exec-9"       daemon [_thread_blocked, id=24644, stack(0x0000001287200000,0x0000001287300000) (1024K)]
  0x00000145ca3af0d0 JavaThread "http-nio-8080-exec-10"      daemon [_thread_blocked, id=24648, stack(0x0000001287300000,0x0000001287400000) (1024K)]
  0x00000145ca3adae0 JavaThread "http-nio-8080-Poller"       daemon [_thread_blocked, id=24652, stack(0x0000001287400000,0x0000001287500000) (1024K)]
  0x00000145ca3b0e10 JavaThread "http-nio-8080-Acceptor"     daemon [_thread_in_native, id=24656, stack(0x0000001287500000,0x0000001287600000) (1024K)]
  0x00000145ca3af820 JavaThread "scheduling-1"                      [_thread_blocked, id=24664, stack(0x0000001287600000,0x0000001287700000) (1024K)]
  0x00000145ca3aff70 JavaThread "DestroyJavaVM"                     [_thread_blocked, id=21804, stack(0x0000001284100000,0x0000001284200000) (1024K)]
Total: 30

Other Threads:
=>0x00000145ff897b60 VMThread "VM Thread"                           [id=9160, stack(0x0000001284800000,0x0000001284900000) (1024K)]
  0x00000145ff88c570 WatcherThread "VM Periodic Task Thread"        [id=24352, stack(0x0000001284700000,0x0000001284800000) (1024K)]
  0x00000145f1183d40 WorkerThread "GC Thread#0"                     [id=23304, stack(0x0000001284200000,0x0000001284300000) (1024K)]
  0x00000145c8192690 WorkerThread "GC Thread#1"                     [id=4960, stack(0x0000001285800000,0x0000001285900000) (1024K)]
  0x00000145c8192e50 WorkerThread "GC Thread#2"                     [id=11628, stack(0x0000001285900000,0x0000001285a00000) (1024K)]
  0x00000145c8193410 WorkerThread "GC Thread#3"                     [id=15812, stack(0x0000001285a00000,0x0000001285b00000) (1024K)]
  0x00000145c81b1c10 WorkerThread "GC Thread#4"                     [id=22796, stack(0x0000001285b00000,0x0000001285c00000) (1024K)]
  0x00000145c81b1fc0 WorkerThread "GC Thread#5"                     [id=18264, stack(0x0000001285c00000,0x0000001285d00000) (1024K)]
  0x00000145c81b2720 WorkerThread "GC Thread#6"                     [id=3512, stack(0x0000001285d00000,0x0000001285e00000) (1024K)]
  0x00000145c81b2370 WorkerThread "GC Thread#7"                     [id=18780, stack(0x0000001285e00000,0x0000001285f00000) (1024K)]
  0x00000145c8660990 WorkerThread "GC Thread#8"                     [id=22792, stack(0x0000001286000000,0x0000001286100000) (1024K)]
  0x00000145c86605e0 WorkerThread "GC Thread#9"                     [id=22800, stack(0x0000001286100000,0x0000001286200000) (1024K)]
  0x00000145f1198920 ConcurrentGCThread "G1 Main Marker"            [id=21868, stack(0x0000001284300000,0x0000001284400000) (1024K)]
  0x00000145f11994c0 WorkerThread "G1 Conc#0"                       [id=21860, stack(0x0000001284400000,0x0000001284500000) (1024K)]
  0x00000145c8662360 WorkerThread "G1 Conc#1"                       [id=6016, stack(0x0000001285700000,0x0000001285800000) (1024K)]
  0x00000145c86614a0 WorkerThread "G1 Conc#2"                       [id=21880, stack(0x0000001285f00000,0x0000001286000000) (1024K)]
  0x00000145ff751460 ConcurrentGCThread "G1 Refine#0"               [id=24292, stack(0x0000001284500000,0x0000001284600000) (1024K)]
  0x00000145ff751c90 ConcurrentGCThread "G1 Service"                [id=3912, stack(0x0000001284600000,0x0000001284700000) (1024K)]
Total: 18

Threads with active compile tasks:
Total: 0

VM state: at safepoint (normal execution)

VM Mutex/Monitor currently owned by a thread:  ([mutex/lock_event])
[0x00007ffcd71944b0] Threads_lock - owner thread: 0x00000145ff897b60
[0x00007ffcd71945b0] Heap_lock - owner thread: 0x00000145ca35c580

Heap address: 0x0000000084a00000, size: 1974 MB, Compressed Oops mode: 32-bit

CDS archive(s) mapped at: [0x0000014583000000-0x0000014583d40000-0x0000014583d40000), size 13893632, SharedBaseAddress: 0x0000014583000000, ArchiveRelocationMode: 1.
Compressed class space mapped at: 0x0000014584000000-0x00000145c4000000, reserved size: 1073741824
UseCompressedClassPointers 1, UseCompactObjectHeaders 0
Narrow klass pointer bits 32, Max shift 3
Narrow klass base: 0x0000014583000000, Narrow klass shift: 0
Encoding Range: [0x0000014583000000 - 0x0000014683000000), (4294967296 bytes)
Klass Range:    [0x0000014583000000 - 0x00000145c4000000), (1090519040 bytes)
Klass ID Range:  [8 - 1090519033) (1090519025)

GC Precious Log:
 CardTable entry size: 512
 Card Set container configuration: InlinePtr #cards 5 size 8 Array Of Cards #cards 10 size 36 Howl #buckets 4 coarsen threshold 1843 Howl Bitmap #cards 512 size 80 coarsen threshold 460 Card regions per heap region 1 cards per card region 2048
 CPUs: 12 total, 12 available
 Memory: 7893M
 Large Page Support: Disabled
 NUMA Support: Disabled
 Compressed Oops: Enabled (32-bit)
 Heap Region Size: 1M
 Heap Min Capacity: 8M
 Heap Initial Capacity: 124M
 Heap Max Capacity: 1974M
 Pre-touch: Disabled
 Parallel Workers: 10
 Concurrent Workers: 3
 Concurrent Refinement Workers: 10
 Periodic GC: Disabled

Heap:
 garbage-first heap   total reserved 2021376K, committed 705536K, used 238592K [0x0000000084a00000, 0x0000000100000000)
  region size 1024K, 10 young (10240K), 10 survivors (10240K)
 Metaspace       used 91734K, committed 92480K, reserved 1179648K
  class space    used 11010K, committed 11328K, reserved 1048576K

Heap Regions: E=young(eden), S=young(survivor), O=old, HS=humongous(starts), HC=humongous(continues), CS=collection set, F=free, TAMS=top-at-mark-start, PB=parsable bottom
|   0|0x0000000084a00000, 0x0000000084b00000, 0x0000000084b00000|100%|HS|  |TAMS 0x0000000084a00000| PB 0x0000000084a00000| Complete |  0
|   1|0x0000000084b00000, 0x0000000084c00000, 0x0000000084c00000|100%|HS|  |TAMS 0x0000000084b00000| PB 0x0000000084b00000| Complete |  0
|   2|0x0000000084c00000, 0x0000000084d00000, 0x0000000084d00000|100%|HS|  |TAMS 0x0000000084c00000| PB 0x0000000084c00000| Complete |  0
|   3|0x0000000084d00000, 0x0000000084e00000, 0x0000000084e00000|100%| O|  |TAMS 0x0000000084d00000| PB 0x0000000084d00000| Untracked |  0
|   4|0x0000000084e00000, 0x0000000084f00000, 0x0000000084f00000|100%| O|  |TAMS 0x0000000084e00000| PB 0x0000000084e00000| Untracked |  0
|   5|0x0000000084f00000, 0x0000000085000000, 0x0000000085000000|100%| O|  |TAMS 0x0000000084f00000| PB 0x0000000084f00000| Untracked |  0
|   6|0x0000000085000000, 0x0000000085100000, 0x0000000085100000|100%| O|  |TAMS 0x0000000085000000| PB 0x0000000085000000| Untracked |  0
|   7|0x0000000085100000, 0x0000000085200000, 0x0000000085200000|100%| O|  |TAMS 0x0000000085100000| PB 0x0000000085100000| Untracked |  0
|   8|0x0000000085200000, 0x0000000085300000, 0x0000000085300000|100%| O|  |TAMS 0x0000000085200000| PB 0x0000000085200000| Untracked |  0
|   9|0x0000000085300000, 0x0000000085400000, 0x0000000085400000|100%| O|  |TAMS 0x0000000085300000| PB 0x0000000085300000| Untracked |  0
|  10|0x0000000085400000, 0x0000000085500000, 0x0000000085500000|100%| O|  |TAMS 0x0000000085400000| PB 0x0000000085400000| Untracked |  0
|  11|0x0000000085500000, 0x0000000085600000, 0x0000000085600000|100%| O|  |TAMS 0x0000000085500000| PB 0x0000000085500000| Untracked |  0
|  12|0x0000000085600000, 0x0000000085700000, 0x0000000085700000|100%| O|  |TAMS 0x0000000085600000| PB 0x0000000085600000| Untracked |  0
|  13|0x0000000085700000, 0x0000000085800000, 0x0000000085800000|100%| O|  |TAMS 0x0000000085700000| PB 0x0000000085700000| Untracked |  0
|  14|0x0000000085800000, 0x0000000085900000, 0x0000000085900000|100%| O|  |TAMS 0x0000000085800000| PB 0x0000000085800000| Untracked |  0
|  15|0x0000000085900000, 0x0000000085a00000, 0x0000000085a00000|100%| O|  |TAMS 0x0000000085900000| PB 0x0000000085900000| Untracked |  0
|  16|0x0000000085a00000, 0x0000000085b00000, 0x0000000085b00000|100%| O|  |TAMS 0x0000000085a00000| PB 0x0000000085a00000| Untracked |  0
|  17|0x0000000085b00000, 0x0000000085c00000, 0x0000000085c00000|100%| O|  |TAMS 0x0000000085b00000| PB 0x0000000085b00000| Untracked |  0
|  18|0x0000000085c00000, 0x0000000085d00000, 0x0000000085d00000|100%| O|  |TAMS 0x0000000085c00000| PB 0x0000000085c00000| Untracked |  0
|  19|0x0000000085d00000, 0x0000000085e00000, 0x0000000085e00000|100%| O|  |TAMS 0x0000000085d00000| PB 0x0000000085d00000| Untracked |  0
|  20|0x0000000085e00000, 0x0000000085f00000, 0x0000000085f00000|100%| O|  |TAMS 0x0000000085e00000| PB 0x0000000085e00000| Untracked |  0
|  21|0x0000000085f00000, 0x0000000086000000, 0x0000000086000000|100%| O|  |TAMS 0x0000000085f00000| PB 0x0000000085f00000| Untracked |  0
|  22|0x0000000086000000, 0x0000000086100000, 0x0000000086100000|100%| O|  |TAMS 0x0000000086000000| PB 0x0000000086000000| Untracked |  0
|  23|0x0000000086100000, 0x0000000086200000, 0x0000000086200000|100%| O|  |TAMS 0x0000000086100000| PB 0x0000000086100000| Untracked |  0
|  24|0x0000000086200000, 0x0000000086300000, 0x0000000086300000|100%| O|  |TAMS 0x0000000086200000| PB 0x0000000086200000| Untracked |  0
|  25|0x0000000086300000, 0x0000000086400000, 0x0000000086400000|100%| O|  |TAMS 0x0000000086300000| PB 0x0000000086300000| Untracked |  0
|  26|0x0000000086400000, 0x0000000086500000, 0x0000000086500000|100%| O|  |TAMS 0x0000000086400000| PB 0x0000000086400000| Untracked |  0
|  27|0x0000000086500000, 0x0000000086600000, 0x0000000086600000|100%| O|  |TAMS 0x0000000086500000| PB 0x0000000086500000| Untracked |  0
|  28|0x0000000086600000, 0x0000000086700000, 0x0000000086700000|100%| O|  |TAMS 0x0000000086600000| PB 0x0000000086600000| Untracked |  0
|  29|0x0000000086700000, 0x0000000086800000, 0x0000000086800000|100%| O|  |TAMS 0x0000000086700000| PB 0x0000000086700000| Untracked |  0
|  30|0x0000000086800000, 0x0000000086900000, 0x0000000086900000|100%| O|  |TAMS 0x0000000086800000| PB 0x0000000086800000| Untracked |  0
|  31|0x0000000086900000, 0x0000000086a00000, 0x0000000086a00000|100%| O|  |TAMS 0x0000000086900000| PB 0x0000000086900000| Untracked |  0
|  32|0x0000000086a00000, 0x0000000086b00000, 0x0000000086b00000|100%| O|  |TAMS 0x0000000086a00000| PB 0x0000000086a00000| Untracked |  0
|  33|0x0000000086b00000, 0x0000000086c00000, 0x0000000086c00000|100%| O|  |TAMS 0x0000000086b00000| PB 0x0000000086b00000| Untracked |  0
|  34|0x0000000086c00000, 0x0000000086d00000, 0x0000000086d00000|100%| O|  |TAMS 0x0000000086c00000| PB 0x0000000086c00000| Untracked |  0
|  35|0x0000000086d00000, 0x0000000086e00000, 0x0000000086e00000|100%| O|  |TAMS 0x0000000086d00000| PB 0x0000000086d00000| Untracked |  0
|  36|0x0000000086e00000, 0x0000000086f00000, 0x0000000086f00000|100%| O|  |TAMS 0x0000000086e00000| PB 0x0000000086e00000| Untracked |  0
|  37|0x0000000086f00000, 0x0000000087000000, 0x0000000087000000|100%| O|  |TAMS 0x0000000086f00000| PB 0x0000000086f00000| Untracked |  0
|  38|0x0000000087000000, 0x0000000087100000, 0x0000000087100000|100%| O|  |TAMS 0x0000000087000000| PB 0x0000000087000000| Untracked |  0
|  39|0x0000000087100000, 0x0000000087200000, 0x0000000087200000|100%| O|  |TAMS 0x0000000087100000| PB 0x0000000087100000| Untracked |  0
|  40|0x0000000087200000, 0x0000000087300000, 0x0000000087300000|100%| O|  |TAMS 0x0000000087200000| PB 0x0000000087200000| Untracked |  0
|  41|0x0000000087300000, 0x0000000087400000, 0x0000000087400000|100%| O|  |TAMS 0x0000000087300000| PB 0x0000000087300000| Untracked |  0
|  42|0x0000000087400000, 0x0000000087500000, 0x0000000087500000|100%| O|  |TAMS 0x0000000087400000| PB 0x0000000087400000| Untracked |  0
|  43|0x0000000087500000, 0x0000000087600000, 0x0000000087600000|100%| O|  |TAMS 0x0000000087500000| PB 0x0000000087500000| Untracked |  0
|  44|0x0000000087600000, 0x0000000087700000, 0x0000000087700000|100%| O|  |TAMS 0x0000000087600000| PB 0x0000000087600000| Untracked |  0
|  45|0x0000000087700000, 0x0000000087800000, 0x0000000087800000|100%| O|  |TAMS 0x0000000087700000| PB 0x0000000087700000| Untracked |  0
|  46|0x0000000087800000, 0x0000000087900000, 0x0000000087900000|100%| O|  |TAMS 0x0000000087800000| PB 0x0000000087800000| Untracked |  0
|  47|0x0000000087900000, 0x0000000087a00000, 0x0000000087a00000|100%| O|  |TAMS 0x0000000087900000| PB 0x0000000087900000| Untracked |  0
|  48|0x0000000087a00000, 0x0000000087b00000, 0x0000000087b00000|100%| O|  |TAMS 0x0000000087a00000| PB 0x0000000087a00000| Untracked |  0
|  49|0x0000000087b00000, 0x0000000087c00000, 0x0000000087c00000|100%| O|  |TAMS 0x0000000087b00000| PB 0x0000000087b00000| Untracked |  0
|  50|0x0000000087c00000, 0x0000000087d00000, 0x0000000087d00000|100%| O|  |TAMS 0x0000000087c00000| PB 0x0000000087c00000| Untracked |  0
|  51|0x0000000087d00000, 0x0000000087e00000, 0x0000000087e00000|100%| O|  |TAMS 0x0000000087d00000| PB 0x0000000087d00000| Untracked |  0
|  52|0x0000000087e00000, 0x0000000087f00000, 0x0000000087f00000|100%| O|  |TAMS 0x0000000087e00000| PB 0x0000000087e00000| Untracked |  0
|  53|0x0000000087f00000, 0x0000000088000000, 0x0000000088000000|100%| O|  |TAMS 0x0000000087f00000| PB 0x0000000087f00000| Untracked |  0
|  54|0x0000000088000000, 0x0000000088100000, 0x0000000088100000|100%| O|Cm|TAMS 0x0000000088000000| PB 0x0000000088000000| Complete |  0
|  55|0x0000000088100000, 0x0000000088200000, 0x0000000088200000|100%| O|  |TAMS 0x0000000088100000| PB 0x0000000088100000| Untracked |  0
|  56|0x0000000088200000, 0x0000000088300000, 0x0000000088300000|100%| O|  |TAMS 0x0000000088200000| PB 0x0000000088200000| Untracked |  0
|  57|0x0000000088300000, 0x0000000088400000, 0x0000000088400000|100%| O|  |TAMS 0x0000000088300000| PB 0x0000000088300000| Untracked |  0
|  58|0x0000000088400000, 0x0000000088500000, 0x0000000088500000|100%| O|  |TAMS 0x0000000088400000| PB 0x0000000088400000| Untracked |  0
|  59|0x0000000088500000, 0x0000000088600000, 0x0000000088600000|100%| O|  |TAMS 0x0000000088500000| PB 0x0000000088500000| Untracked |  0
|  60|0x0000000088600000, 0x0000000088700000, 0x0000000088700000|100%| O|  |TAMS 0x0000000088600000| PB 0x0000000088600000| Untracked |  0
|  61|0x0000000088700000, 0x0000000088800000, 0x0000000088800000|100%| O|  |TAMS 0x0000000088700000| PB 0x0000000088700000| Untracked |  0
|  62|0x0000000088800000, 0x0000000088900000, 0x0000000088900000|100%| O|  |TAMS 0x0000000088800000| PB 0x0000000088800000| Untracked |  0
|  63|0x0000000088900000, 0x0000000088a00000, 0x0000000088a00000|100%| O|  |TAMS 0x0000000088900000| PB 0x0000000088900000| Untracked |  0
|  64|0x0000000088a00000, 0x0000000088b00000, 0x0000000088b00000|100%| O|  |TAMS 0x0000000088a00000| PB 0x0000000088a00000| Untracked |  0
|  65|0x0000000088b00000, 0x0000000088c00000, 0x0000000088c00000|100%| O|  |TAMS 0x0000000088b00000| PB 0x0000000088b00000| Untracked |  0
|  66|0x0000000088c00000, 0x0000000088d00000, 0x0000000088d00000|100%| O|  |TAMS 0x0000000088c00000| PB 0x0000000088c00000| Untracked |  0
|  67|0x0000000088d00000, 0x0000000088e00000, 0x0000000088e00000|100%| O|  |TAMS 0x0000000088d00000| PB 0x0000000088d00000| Untracked |  0
|  68|0x0000000088e00000, 0x0000000088f00000, 0x0000000088f00000|100%| O|  |TAMS 0x0000000088e00000| PB 0x0000000088e00000| Untracked |  0
|  69|0x0000000088f00000, 0x0000000089000000, 0x0000000089000000|100%| O|  |TAMS 0x0000000088f00000| PB 0x0000000088f00000| Untracked |  0
|  70|0x0000000089000000, 0x0000000089100000, 0x0000000089100000|100%| O|  |TAMS 0x0000000089000000| PB 0x0000000089000000| Untracked |  0
|  71|0x0000000089100000, 0x0000000089200000, 0x0000000089200000|100%| O|  |TAMS 0x0000000089100000| PB 0x0000000089100000| Untracked |  0
|  72|0x0000000089200000, 0x0000000089300000, 0x0000000089300000|100%| O|  |TAMS 0x0000000089200000| PB 0x0000000089200000| Untracked |  0
|  73|0x0000000089300000, 0x0000000089400000, 0x0000000089400000|100%| O|Cm|TAMS 0x0000000089300000| PB 0x0000000089300000| Complete |  0
|  74|0x0000000089400000, 0x0000000089500000, 0x0000000089500000|100%| O|  |TAMS 0x0000000089400000| PB 0x0000000089400000| Untracked |  0
|  75|0x0000000089500000, 0x0000000089600000, 0x0000000089600000|100%| O|Cm|TAMS 0x0000000089500000| PB 0x0000000089500000| Complete |  0
|  76|0x0000000089600000, 0x0000000089700000, 0x0000000089700000|100%| O|  |TAMS 0x0000000089600000| PB 0x0000000089600000| Untracked |  0
|  77|0x0000000089700000, 0x0000000089800000, 0x0000000089800000|100%| O|  |TAMS 0x0000000089700000| PB 0x0000000089700000| Untracked |  0
|  78|0x0000000089800000, 0x0000000089900000, 0x0000000089900000|100%| O|  |TAMS 0x0000000089800000| PB 0x0000000089800000| Untracked |  0
|  79|0x0000000089900000, 0x0000000089a00000, 0x0000000089a00000|100%| O|  |TAMS 0x0000000089900000| PB 0x0000000089900000| Untracked |  0
|  80|0x0000000089a00000, 0x0000000089b00000, 0x0000000089b00000|100%| O|  |TAMS 0x0000000089a00000| PB 0x0000000089a00000| Untracked |  0
|  81|0x0000000089b00000, 0x0000000089c00000, 0x0000000089c00000|100%| O|  |TAMS 0x0000000089b00000| PB 0x0000000089b00000| Untracked |  0
|  82|0x0000000089c00000, 0x0000000089d00000, 0x0000000089d00000|100%| O|  |TAMS 0x0000000089c00000| PB 0x0000000089c00000| Untracked |  0
|  83|0x0000000089d00000, 0x0000000089e00000, 0x0000000089e00000|100%| O|Cm|TAMS 0x0000000089d00000| PB 0x0000000089d00000| Complete |  0
|  84|0x0000000089e00000, 0x0000000089f00000, 0x0000000089f00000|100%| O|Cm|TAMS 0x0000000089e00000| PB 0x0000000089e00000| Complete |  0
|  85|0x0000000089f00000, 0x000000008a000000, 0x000000008a000000|100%| O|  |TAMS 0x0000000089f00000| PB 0x0000000089f00000| Untracked |  0
|  86|0x000000008a000000, 0x000000008a100000, 0x000000008a100000|100%| O|  |TAMS 0x000000008a000000| PB 0x000000008a000000| Untracked |  0
|  87|0x000000008a100000, 0x000000008a200000, 0x000000008a200000|100%| O|Cm|TAMS 0x000000008a100000| PB 0x000000008a100000| Complete |  0
|  88|0x000000008a200000, 0x000000008a300000, 0x000000008a300000|100%| O|  |TAMS 0x000000008a200000| PB 0x000000008a200000| Untracked |  0
|  89|0x000000008a300000, 0x000000008a400000, 0x000000008a400000|100%| O|Cm|TAMS 0x000000008a300000| PB 0x000000008a300000| Complete |  0
|  90|0x000000008a400000, 0x000000008a500000, 0x000000008a500000|100%| O|Cm|TAMS 0x000000008a400000| PB 0x000000008a400000| Complete |  0
|  91|0x000000008a500000, 0x000000008a600000, 0x000000008a600000|100%| O|  |TAMS 0x000000008a500000| PB 0x000000008a500000| Untracked |  0
|  92|0x000000008a600000, 0x000000008a700000, 0x000000008a700000|100%| O|  |TAMS 0x000000008a600000| PB 0x000000008a600000| Untracked |  0
|  93|0x000000008a700000, 0x000000008a800000, 0x000000008a800000|100%| O|  |TAMS 0x000000008a700000| PB 0x000000008a700000| Untracked |  0
|  94|0x000000008a800000, 0x000000008a900000, 0x000000008a900000|100%| O|  |TAMS 0x000000008a800000| PB 0x000000008a800000| Untracked |  0
|  95|0x000000008a900000, 0x000000008aa00000, 0x000000008aa00000|100%| O|  |TAMS 0x000000008a900000| PB 0x000000008a900000| Untracked |  0
|  96|0x000000008aa00000, 0x000000008ab00000, 0x000000008ab00000|100%| O|  |TAMS 0x000000008aa00000| PB 0x000000008aa00000| Untracked |  0
|  97|0x000000008ab00000, 0x000000008ac00000, 0x000000008ac00000|100%| O|  |TAMS 0x000000008ab00000| PB 0x000000008ab00000| Untracked |  0
|  98|0x000000008ac00000, 0x000000008ad00000, 0x000000008ad00000|100%| O|  |TAMS 0x000000008ac00000| PB 0x000000008ac00000| Untracked |  0
|  99|0x000000008ad00000, 0x000000008ae00000, 0x000000008ae00000|100%| O|  |TAMS 0x000000008ad00000| PB 0x000000008ad00000| Untracked |  0
| 100|0x000000008ae00000, 0x000000008af00000, 0x000000008af00000|100%| O|  |TAMS 0x000000008ae00000| PB 0x000000008ae00000| Untracked |  0
| 101|0x000000008af00000, 0x000000008b000000, 0x000000008b000000|100%| O|  |TAMS 0x000000008af00000| PB 0x000000008af00000| Untracked |  0
| 102|0x000000008b000000, 0x000000008b100000, 0x000000008b100000|100%| O|  |TAMS 0x000000008b000000| PB 0x000000008b000000| Untracked |  0
| 103|0x000000008b100000, 0x000000008b200000, 0x000000008b200000|100%| O|  |TAMS 0x000000008b100000| PB 0x000000008b100000| Untracked |  0
| 104|0x000000008b200000, 0x000000008b300000, 0x000000008b300000|100%| O|  |TAMS 0x000000008b200000| PB 0x000000008b200000| Untracked |  0
| 105|0x000000008b300000, 0x000000008b400000, 0x000000008b400000|100%| O|  |TAMS 0x000000008b300000| PB 0x000000008b300000| Untracked |  0
| 106|0x000000008b400000, 0x000000008b500000, 0x000000008b500000|100%| O|  |TAMS 0x000000008b400000| PB 0x000000008b400000| Untracked |  0
| 107|0x000000008b500000, 0x000000008b600000, 0x000000008b600000|100%| O|  |TAMS 0x000000008b500000| PB 0x000000008b500000| Untracked |  0
| 108|0x000000008b600000, 0x000000008b700000, 0x000000008b700000|100%| O|  |TAMS 0x000000008b600000| PB 0x000000008b600000| Untracked |  0
| 109|0x000000008b700000, 0x000000008b800000, 0x000000008b800000|100%| O|  |TAMS 0x000000008b700000| PB 0x000000008b700000| Untracked |  0
| 110|0x000000008b800000, 0x000000008b900000, 0x000000008b900000|100%| O|  |TAMS 0x000000008b800000| PB 0x000000008b800000| Untracked |  0
| 111|0x000000008b900000, 0x000000008ba00000, 0x000000008ba00000|100%| O|  |TAMS 0x000000008b900000| PB 0x000000008b900000| Untracked |  0
| 112|0x000000008ba00000, 0x000000008bb00000, 0x000000008bb00000|100%| O|  |TAMS 0x000000008ba00000| PB 0x000000008ba00000| Untracked |  0
| 113|0x000000008bb00000, 0x000000008bc00000, 0x000000008bc00000|100%| O|  |TAMS 0x000000008bb00000| PB 0x000000008bb00000| Untracked |  0
| 114|0x000000008bc00000, 0x000000008bd00000, 0x000000008bd00000|100%| O|  |TAMS 0x000000008bc00000| PB 0x000000008bc00000| Untracked |  0
| 115|0x000000008bd00000, 0x000000008be00000, 0x000000008be00000|100%| O|  |TAMS 0x000000008bd00000| PB 0x000000008bd00000| Untracked |  0
| 116|0x000000008be00000, 0x000000008bf00000, 0x000000008bf00000|100%| O|  |TAMS 0x000000008be00000| PB 0x000000008be00000| Untracked |  0
| 117|0x000000008bf00000, 0x000000008c000000, 0x000000008c000000|100%| O|  |TAMS 0x000000008bf00000| PB 0x000000008bf00000| Untracked |  0
| 118|0x000000008c000000, 0x000000008c100000, 0x000000008c100000|100%| O|  |TAMS 0x000000008c000000| PB 0x000000008c000000| Untracked |  0
| 119|0x000000008c100000, 0x000000008c200000, 0x000000008c200000|100%| O|  |TAMS 0x000000008c100000| PB 0x000000008c100000| Untracked |  0
| 120|0x000000008c200000, 0x000000008c300000, 0x000000008c300000|100%| O|  |TAMS 0x000000008c200000| PB 0x000000008c200000| Untracked |  0
| 121|0x000000008c300000, 0x000000008c400000, 0x000000008c400000|100%| O|  |TAMS 0x000000008c300000| PB 0x000000008c300000| Untracked |  0
| 122|0x000000008c400000, 0x000000008c500000, 0x000000008c500000|100%| O|  |TAMS 0x000000008c400000| PB 0x000000008c400000| Untracked |  0
| 123|0x000000008c500000, 0x000000008c600000, 0x000000008c600000|100%| O|  |TAMS 0x000000008c500000| PB 0x000000008c500000| Untracked |  0
| 124|0x000000008c600000, 0x000000008c700000, 0x000000008c700000|100%| O|  |TAMS 0x000000008c600000| PB 0x000000008c600000| Untracked |  0
| 125|0x000000008c700000, 0x000000008c800000, 0x000000008c800000|100%| O|  |TAMS 0x000000008c700000| PB 0x000000008c700000| Untracked |  0
| 126|0x000000008c800000, 0x000000008c900000, 0x000000008c900000|100%| O|  |TAMS 0x000000008c800000| PB 0x000000008c800000| Untracked |  0
| 127|0x000000008c900000, 0x000000008ca00000, 0x000000008ca00000|100%| O|  |TAMS 0x000000008c900000| PB 0x000000008c900000| Untracked |  0
| 128|0x000000008ca00000, 0x000000008cb00000, 0x000000008cb00000|100%| O|  |TAMS 0x000000008ca00000| PB 0x000000008ca00000| Untracked |  0
| 129|0x000000008cb00000, 0x000000008cc00000, 0x000000008cc00000|100%| O|  |TAMS 0x000000008cb00000| PB 0x000000008cb00000| Untracked |  0
| 130|0x000000008cc00000, 0x000000008cd00000, 0x000000008cd00000|100%| O|  |TAMS 0x000000008cc00000| PB 0x000000008cc00000| Untracked |  0
| 131|0x000000008cd00000, 0x000000008ce00000, 0x000000008ce00000|100%| O|  |TAMS 0x000000008cd00000| PB 0x000000008cd00000| Untracked |  0
| 132|0x000000008ce00000, 0x000000008cf00000, 0x000000008cf00000|100%| O|  |TAMS 0x000000008ce00000| PB 0x000000008ce00000| Untracked |  0
| 133|0x000000008cf00000, 0x000000008d000000, 0x000000008d000000|100%| O|  |TAMS 0x000000008cf00000| PB 0x000000008cf00000| Untracked |  0
| 134|0x000000008d000000, 0x000000008d100000, 0x000000008d100000|100%| O|  |TAMS 0x000000008d000000| PB 0x000000008d000000| Untracked |  0
| 135|0x000000008d100000, 0x000000008d100000, 0x000000008d200000|  0%| F|  |TAMS 0x000000008d100000| PB 0x000000008d100000| Untracked |  0
| 136|0x000000008d200000, 0x000000008d300000, 0x000000008d300000|100%| O|  |TAMS 0x000000008d200000| PB 0x000000008d200000| Untracked |  0
| 137|0x000000008d300000, 0x000000008d400000, 0x000000008d400000|100%| O|  |TAMS 0x000000008d300000| PB 0x000000008d300000| Untracked |  0
| 138|0x000000008d400000, 0x000000008d400000, 0x000000008d500000|  0%| F|  |TAMS 0x000000008d400000| PB 0x000000008d400000| Untracked |  0
| 139|0x000000008d500000, 0x000000008d600000, 0x000000008d600000|100%| O|  |TAMS 0x000000008d500000| PB 0x000000008d500000| Untracked |  0
| 140|0x000000008d600000, 0x000000008d700000, 0x000000008d700000|100%| O|  |TAMS 0x000000008d600000| PB 0x000000008d600000| Untracked |  0
| 141|0x000000008d700000, 0x000000008d800000, 0x000000008d800000|100%| O|  |TAMS 0x000000008d700000| PB 0x000000008d700000| Untracked |  0
| 142|0x000000008d800000, 0x000000008d900000, 0x000000008d900000|100%| O|Cm|TAMS 0x000000008d800000| PB 0x000000008d800000| Complete |  0
| 143|0x000000008d900000, 0x000000008da00000, 0x000000008da00000|100%| O|Cm|TAMS 0x000000008d900000| PB 0x000000008d900000| Complete |  0
| 144|0x000000008da00000, 0x000000008db00000, 0x000000008db00000|100%| O|Cm|TAMS 0x000000008da00000| PB 0x000000008da00000| Complete |  0
| 145|0x000000008db00000, 0x000000008dc00000, 0x000000008dc00000|100%| O|  |TAMS 0x000000008db00000| PB 0x000000008db00000| Untracked |  0
| 146|0x000000008dc00000, 0x000000008dd00000, 0x000000008dd00000|100%| O|  |TAMS 0x000000008dc00000| PB 0x000000008dc00000| Untracked |  0
| 147|0x000000008dd00000, 0x000000008de00000, 0x000000008de00000|100%| O|  |TAMS 0x000000008dd00000| PB 0x000000008dd00000| Untracked |  0
| 148|0x000000008de00000, 0x000000008df00000, 0x000000008df00000|100%| O|  |TAMS 0x000000008de00000| PB 0x000000008de00000| Untracked |  0
| 149|0x000000008df00000, 0x000000008e000000, 0x000000008e000000|100%| O|  |TAMS 0x000000008df00000| PB 0x000000008df00000| Untracked |  0
| 150|0x000000008e000000, 0x000000008e100000, 0x000000008e100000|100%| O|  |TAMS 0x000000008e000000| PB 0x000000008e000000| Untracked |  0
| 151|0x000000008e100000, 0x000000008e200000, 0x000000008e200000|100%| O|  |TAMS 0x000000008e100000| PB 0x000000008e100000| Untracked |  0
| 152|0x000000008e200000, 0x000000008e300000, 0x000000008e300000|100%| O|  |TAMS 0x000000008e200000| PB 0x000000008e200000| Untracked |  0
| 153|0x000000008e300000, 0x000000008e400000, 0x000000008e400000|100%| O|  |TAMS 0x000000008e300000| PB 0x000000008e300000| Untracked |  0
| 154|0x000000008e400000, 0x000000008e500000, 0x000000008e500000|100%| O|  |TAMS 0x000000008e400000| PB 0x000000008e400000| Untracked |  0
| 155|0x000000008e500000, 0x000000008e600000, 0x000000008e600000|100%| O|  |TAMS 0x000000008e500000| PB 0x000000008e500000| Untracked |  0
| 156|0x000000008e600000, 0x000000008e700000, 0x000000008e700000|100%| O|  |TAMS 0x000000008e600000| PB 0x000000008e600000| Untracked |  0
| 157|0x000000008e700000, 0x000000008e800000, 0x000000008e800000|100%| O|  |TAMS 0x000000008e700000| PB 0x000000008e700000| Untracked |  0
| 158|0x000000008e800000, 0x000000008e900000, 0x000000008e900000|100%| O|  |TAMS 0x000000008e800000| PB 0x000000008e800000| Untracked |  0
| 159|0x000000008e900000, 0x000000008ea00000, 0x000000008ea00000|100%| O|  |TAMS 0x000000008e900000| PB 0x000000008e900000| Untracked |  0
| 160|0x000000008ea00000, 0x000000008eb00000, 0x000000008eb00000|100%| O|  |TAMS 0x000000008ea00000| PB 0x000000008ea00000| Untracked |  0
| 161|0x000000008eb00000, 0x000000008ec00000, 0x000000008ec00000|100%| O|  |TAMS 0x000000008eb00000| PB 0x000000008eb00000| Untracked |  0
| 162|0x000000008ec00000, 0x000000008ed00000, 0x000000008ed00000|100%| O|  |TAMS 0x000000008ec00000| PB 0x000000008ec00000| Untracked |  0
| 163|0x000000008ed00000, 0x000000008ee00000, 0x000000008ee00000|100%| O|  |TAMS 0x000000008ed00000| PB 0x000000008ed00000| Untracked |  0
| 164|0x000000008ee00000, 0x000000008ef00000, 0x000000008ef00000|100%| O|  |TAMS 0x000000008ee00000| PB 0x000000008ee00000| Untracked |  0
| 165|0x000000008ef00000, 0x000000008f000000, 0x000000008f000000|100%| O|  |TAMS 0x000000008ef00000| PB 0x000000008ef00000| Untracked |  0
| 166|0x000000008f000000, 0x000000008f100000, 0x000000008f100000|100%| O|  |TAMS 0x000000008f000000| PB 0x000000008f000000| Untracked |  0
| 167|0x000000008f100000, 0x000000008f200000, 0x000000008f200000|100%| O|  |TAMS 0x000000008f100000| PB 0x000000008f100000| Untracked |  0
| 168|0x000000008f200000, 0x000000008f300000, 0x000000008f300000|100%| O|  |TAMS 0x000000008f200000| PB 0x000000008f200000| Untracked |  0
| 169|0x000000008f300000, 0x000000008f400000, 0x000000008f400000|100%| O|  |TAMS 0x000000008f300000| PB 0x000000008f300000| Untracked |  0
| 170|0x000000008f400000, 0x000000008f500000, 0x000000008f500000|100%| O|  |TAMS 0x000000008f400000| PB 0x000000008f400000| Untracked |  0
| 171|0x000000008f500000, 0x000000008f600000, 0x000000008f600000|100%| O|  |TAMS 0x000000008f500000| PB 0x000000008f500000| Untracked |  0
| 172|0x000000008f600000, 0x000000008f700000, 0x000000008f700000|100%| O|  |TAMS 0x000000008f600000| PB 0x000000008f600000| Untracked |  0
| 173|0x000000008f700000, 0x000000008f800000, 0x000000008f800000|100%| O|  |TAMS 0x000000008f700000| PB 0x000000008f700000| Untracked |  0
| 174|0x000000008f800000, 0x000000008f900000, 0x000000008f900000|100%| O|  |TAMS 0x000000008f800000| PB 0x000000008f800000| Untracked |  0
| 175|0x000000008f900000, 0x000000008f900000, 0x000000008fa00000|  0%| F|  |TAMS 0x000000008f900000| PB 0x000000008f900000| Untracked |  0
| 176|0x000000008fa00000, 0x000000008fa00000, 0x000000008fb00000|  0%| F|  |TAMS 0x000000008fa00000| PB 0x000000008fa00000| Untracked |  0
| 177|0x000000008fb00000, 0x000000008fb00000, 0x000000008fc00000|  0%| F|  |TAMS 0x000000008fb00000| PB 0x000000008fb00000| Untracked |  0
| 178|0x000000008fc00000, 0x000000008fc00000, 0x000000008fd00000|  0%| F|  |TAMS 0x000000008fc00000| PB 0x000000008fc00000| Untracked |  0
| 179|0x000000008fd00000, 0x000000008fd00000, 0x000000008fe00000|  0%| F|  |TAMS 0x000000008fd00000| PB 0x000000008fd00000| Untracked |  0
| 180|0x000000008fe00000, 0x000000008fe00000, 0x000000008ff00000|  0%| F|  |TAMS 0x000000008fe00000| PB 0x000000008fe00000| Untracked |  0
| 181|0x000000008ff00000, 0x000000008ff00000, 0x0000000090000000|  0%| F|  |TAMS 0x000000008ff00000| PB 0x000000008ff00000| Untracked |  0
| 182|0x0000000090000000, 0x0000000090000000, 0x0000000090100000|  0%| F|  |TAMS 0x0000000090000000| PB 0x0000000090000000| Untracked |  0
| 183|0x0000000090100000, 0x0000000090100000, 0x0000000090200000|  0%| F|  |TAMS 0x0000000090100000| PB 0x0000000090100000| Untracked |  0
| 184|0x0000000090200000, 0x0000000090200000, 0x0000000090300000|  0%| F|  |TAMS 0x0000000090200000| PB 0x0000000090200000| Untracked |  0
| 185|0x0000000090300000, 0x0000000090300000, 0x0000000090400000|  0%| F|  |TAMS 0x0000000090300000| PB 0x0000000090300000| Untracked |  0
| 186|0x0000000090400000, 0x0000000090400000, 0x0000000090500000|  0%| F|  |TAMS 0x0000000090400000| PB 0x0000000090400000| Untracked |  0
| 187|0x0000000090500000, 0x0000000090500000, 0x0000000090600000|  0%| F|  |TAMS 0x0000000090500000| PB 0x0000000090500000| Untracked |  0
| 188|0x0000000090600000, 0x0000000090600000, 0x0000000090700000|  0%| F|  |TAMS 0x0000000090600000| PB 0x0000000090600000| Untracked |  0
| 189|0x0000000090700000, 0x0000000090700000, 0x0000000090800000|  0%| F|  |TAMS 0x0000000090700000| PB 0x0000000090700000| Untracked |  0
| 190|0x0000000090800000, 0x0000000090800000, 0x0000000090900000|  0%| F|  |TAMS 0x0000000090800000| PB 0x0000000090800000| Untracked |  0
| 191|0x0000000090900000, 0x0000000090900000, 0x0000000090a00000|  0%| F|  |TAMS 0x0000000090900000| PB 0x0000000090900000| Untracked |  0
| 192|0x0000000090a00000, 0x0000000090a00000, 0x0000000090b00000|  0%| F|  |TAMS 0x0000000090a00000| PB 0x0000000090a00000| Untracked |  0
| 193|0x0000000090b00000, 0x0000000090b00000, 0x0000000090c00000|  0%| F|  |TAMS 0x0000000090b00000| PB 0x0000000090b00000| Untracked |  0
| 194|0x0000000090c00000, 0x0000000090c00000, 0x0000000090d00000|  0%| F|  |TAMS 0x0000000090c00000| PB 0x0000000090c00000| Untracked |  0
| 195|0x0000000090d00000, 0x0000000090d00000, 0x0000000090e00000|  0%| F|  |TAMS 0x0000000090d00000| PB 0x0000000090d00000| Untracked |  0
| 196|0x0000000090e00000, 0x0000000090e00000, 0x0000000090f00000|  0%| F|  |TAMS 0x0000000090e00000| PB 0x0000000090e00000| Untracked |  0
| 197|0x0000000090f00000, 0x0000000090f00000, 0x0000000091000000|  0%| F|  |TAMS 0x0000000090f00000| PB 0x0000000090f00000| Untracked |  0
| 198|0x0000000091000000, 0x0000000091000000, 0x0000000091100000|  0%| F|  |TAMS 0x0000000091000000| PB 0x0000000091000000| Untracked |  0
| 199|0x0000000091100000, 0x0000000091100000, 0x0000000091200000|  0%| F|  |TAMS 0x0000000091100000| PB 0x0000000091100000| Untracked |  0
| 200|0x0000000091200000, 0x0000000091200000, 0x0000000091300000|  0%| F|  |TAMS 0x0000000091200000| PB 0x0000000091200000| Untracked |  0
| 201|0x0000000091300000, 0x0000000091300000, 0x0000000091400000|  0%| F|  |TAMS 0x0000000091300000| PB 0x0000000091300000| Untracked |  0
| 202|0x0000000091400000, 0x0000000091400000, 0x0000000091500000|  0%| F|  |TAMS 0x0000000091400000| PB 0x0000000091400000| Untracked |  0
| 203|0x0000000091500000, 0x0000000091500000, 0x0000000091600000|  0%| F|  |TAMS 0x0000000091500000| PB 0x0000000091500000| Untracked |  0
| 204|0x0000000091600000, 0x0000000091600000, 0x0000000091700000|  0%| F|  |TAMS 0x0000000091600000| PB 0x0000000091600000| Untracked |  0
| 205|0x0000000091700000, 0x0000000091700000, 0x0000000091800000|  0%| F|  |TAMS 0x0000000091700000| PB 0x0000000091700000| Untracked |  0
| 206|0x0000000091800000, 0x0000000091800000, 0x0000000091900000|  0%| F|  |TAMS 0x0000000091800000| PB 0x0000000091800000| Untracked |  0
| 207|0x0000000091900000, 0x0000000091900000, 0x0000000091a00000|  0%| F|  |TAMS 0x0000000091900000| PB 0x0000000091900000| Untracked |  0
| 208|0x0000000091a00000, 0x0000000091b00000, 0x0000000091b00000|100%| O|Cm|TAMS 0x0000000091a00000| PB 0x0000000091a00000| Complete |  0
| 209|0x0000000091b00000, 0x0000000091c00000, 0x0000000091c00000|100%| O|Cm|TAMS 0x0000000091b00000| PB 0x0000000091b00000| Complete |  0
| 210|0x0000000091c00000, 0x0000000091d00000, 0x0000000091d00000|100%| O|Cm|TAMS 0x0000000091c00000| PB 0x0000000091c00000| Complete |  0
| 211|0x0000000091d00000, 0x0000000091e00000, 0x0000000091e00000|100%| O|Cm|TAMS 0x0000000091d00000| PB 0x0000000091d00000| Complete |  0
| 212|0x0000000091e00000, 0x0000000091f00000, 0x0000000091f00000|100%| O|Cm|TAMS 0x0000000091e00000| PB 0x0000000091e00000| Complete |  0
| 213|0x0000000091f00000, 0x0000000092000000, 0x0000000092000000|100%| O|Cm|TAMS 0x0000000091f00000| PB 0x0000000091f00000| Complete |  0
| 214|0x0000000092000000, 0x0000000092100000, 0x0000000092100000|100%| O|Cm|TAMS 0x0000000092000000| PB 0x0000000092000000| Complete |  0
| 215|0x0000000092100000, 0x0000000092100000, 0x0000000092200000|  0%| F|  |TAMS 0x0000000092100000| PB 0x0000000092100000| Untracked |  0
| 216|0x0000000092200000, 0x0000000092200000, 0x0000000092300000|  0%| F|  |TAMS 0x0000000092200000| PB 0x0000000092200000| Untracked |  0
| 217|0x0000000092300000, 0x0000000092300000, 0x0000000092400000|  0%| F|  |TAMS 0x0000000092300000| PB 0x0000000092300000| Untracked |  0
| 218|0x0000000092400000, 0x0000000092500000, 0x0000000092500000|100%| O|Cm|TAMS 0x0000000092400000| PB 0x0000000092400000| Complete |  0
| 219|0x0000000092500000, 0x0000000092600000, 0x0000000092600000|100%| O|Cm|TAMS 0x0000000092500000| PB 0x0000000092500000| Complete |  0
| 220|0x0000000092600000, 0x0000000092700000, 0x0000000092700000|100%| O|Cm|TAMS 0x0000000092600000| PB 0x0000000092600000| Complete |  0
| 221|0x0000000092700000, 0x0000000092800000, 0x0000000092800000|100%| O|  |TAMS 0x0000000092700000| PB 0x0000000092700000| Untracked |  0
| 222|0x0000000092800000, 0x0000000092900000, 0x0000000092900000|100%| O|  |TAMS 0x0000000092800000| PB 0x0000000092800000| Untracked |  0
| 223|0x0000000092900000, 0x0000000092a00000, 0x0000000092a00000|100%| O|  |TAMS 0x0000000092900000| PB 0x0000000092900000| Untracked |  0
| 224|0x0000000092a00000, 0x0000000092b00000, 0x0000000092b00000|100%| O|  |TAMS 0x0000000092a00000| PB 0x0000000092a00000| Untracked |  0
| 225|0x0000000092b00000, 0x0000000092c00000, 0x0000000092c00000|100%| O|  |TAMS 0x0000000092b00000| PB 0x0000000092b00000| Untracked |  0
| 226|0x0000000092c00000, 0x0000000092d00000, 0x0000000092d00000|100%| O|  |TAMS 0x0000000092c00000| PB 0x0000000092c00000| Untracked |  0
| 227|0x0000000092d00000, 0x0000000092e00000, 0x0000000092e00000|100%| O|  |TAMS 0x0000000092d00000| PB 0x0000000092d00000| Untracked |  0
| 228|0x0000000092e00000, 0x0000000092f00000, 0x0000000092f00000|100%| O|  |TAMS 0x0000000092e00000| PB 0x0000000092e00000| Untracked |  0
| 229|0x0000000092f00000, 0x0000000093000000, 0x0000000093000000|100%| O|  |TAMS 0x0000000092f00000| PB 0x0000000092f00000| Untracked |  0
| 230|0x0000000093000000, 0x0000000093100000, 0x0000000093100000|100%| O|  |TAMS 0x0000000093000000| PB 0x0000000093000000| Untracked |  0
| 231|0x0000000093100000, 0x0000000093200000, 0x0000000093200000|100%| O|  |TAMS 0x0000000093100000| PB 0x0000000093100000| Untracked |  0
| 232|0x0000000093200000, 0x0000000093300000, 0x0000000093300000|100%| O|  |TAMS 0x0000000093200000| PB 0x0000000093200000| Untracked |  0
| 233|0x0000000093300000, 0x0000000093400000, 0x0000000093400000|100%| O|  |TAMS 0x0000000093300000| PB 0x0000000093300000| Untracked |  0
| 234|0x0000000093400000, 0x0000000093500000, 0x0000000093500000|100%| O|  |TAMS 0x0000000093400000| PB 0x0000000093400000| Untracked |  0
| 235|0x0000000093500000, 0x0000000093600000, 0x0000000093600000|100%| O|  |TAMS 0x0000000093500000| PB 0x0000000093500000| Untracked |  0
| 236|0x0000000093600000, 0x0000000093700000, 0x0000000093700000|100%| O|  |TAMS 0x0000000093600000| PB 0x0000000093600000| Untracked |  0
| 237|0x0000000093700000, 0x0000000093800000, 0x0000000093800000|100%| O|  |TAMS 0x0000000093700000| PB 0x0000000093700000| Untracked |  0
| 238|0x0000000093800000, 0x0000000093900000, 0x0000000093900000|100%| O|  |TAMS 0x0000000093800000| PB 0x0000000093800000| Untracked |  0
| 239|0x0000000093900000, 0x0000000093a00000, 0x0000000093a00000|100%| O|  |TAMS 0x0000000093900000| PB 0x0000000093900000| Untracked |  0
| 240|0x0000000093a00000, 0x0000000093b00000, 0x0000000093b00000|100%| O|  |TAMS 0x0000000093a00000| PB 0x0000000093a00000| Untracked |  0
| 241|0x0000000093b00000, 0x0000000093c00000, 0x0000000093c00000|100%| O|  |TAMS 0x0000000093b00000| PB 0x0000000093b00000| Untracked |  0
| 242|0x0000000093c00000, 0x0000000093d00000, 0x0000000093d00000|100%| O|  |TAMS 0x0000000093c00000| PB 0x0000000093c00000| Untracked |  0
| 243|0x0000000093d00000, 0x0000000093e00000, 0x0000000093e00000|100%| O|  |TAMS 0x0000000093d00000| PB 0x0000000093d00000| Untracked |  0
| 244|0x0000000093e00000, 0x0000000093f00000, 0x0000000093f00000|100%| O|  |TAMS 0x0000000093e00000| PB 0x0000000093e00000| Untracked |  0
| 245|0x0000000093f00000, 0x0000000094000000, 0x0000000094000000|100%| O|  |TAMS 0x0000000093f00000| PB 0x0000000093f00000| Untracked |  0
| 246|0x0000000094000000, 0x0000000094100000, 0x0000000094100000|100%| O|  |TAMS 0x0000000094000000| PB 0x0000000094000000| Untracked |  0
| 247|0x0000000094100000, 0x0000000094200000, 0x0000000094200000|100%| O|  |TAMS 0x0000000094100000| PB 0x0000000094100000| Untracked |  0
| 248|0x0000000094200000, 0x0000000094300000, 0x0000000094300000|100%| O|  |TAMS 0x0000000094200000| PB 0x0000000094200000| Untracked |  0
| 249|0x0000000094300000, 0x0000000094400000, 0x0000000094400000|100%| O|  |TAMS 0x0000000094300000| PB 0x0000000094300000| Untracked |  0
| 250|0x0000000094400000, 0x0000000094500000, 0x0000000094500000|100%| O|  |TAMS 0x0000000094400000| PB 0x0000000094400000| Untracked |  0
| 251|0x0000000094500000, 0x0000000094600000, 0x0000000094600000|100%| O|  |TAMS 0x0000000094500000| PB 0x0000000094500000| Untracked |  0
| 252|0x0000000094600000, 0x0000000094700000, 0x0000000094700000|100%| O|  |TAMS 0x0000000094600000| PB 0x0000000094600000| Untracked |  0
| 253|0x0000000094700000, 0x0000000094800000, 0x0000000094800000|100%| O|  |TAMS 0x0000000094700000| PB 0x0000000094700000| Untracked |  0
| 254|0x0000000094800000, 0x0000000094900000, 0x0000000094900000|100%| O|  |TAMS 0x0000000094800000| PB 0x0000000094800000| Untracked |  0
| 255|0x0000000094900000, 0x0000000094a00000, 0x0000000094a00000|100%| O|  |TAMS 0x0000000094900000| PB 0x0000000094900000| Untracked |  0
| 256|0x0000000094a00000, 0x0000000094b00000, 0x0000000094b00000|100%| O|  |TAMS 0x0000000094a00000| PB 0x0000000094a00000| Untracked |  0
| 257|0x0000000094b00000, 0x0000000094c00000, 0x0000000094c00000|100%| O|  |TAMS 0x0000000094b00000| PB 0x0000000094b00000| Untracked |  0
| 258|0x0000000094c00000, 0x0000000094d00000, 0x0000000094d00000|100%| O|  |TAMS 0x0000000094c00000| PB 0x0000000094c00000| Untracked |  0
| 259|0x0000000094d00000, 0x0000000094e00000, 0x0000000094e00000|100%| O|  |TAMS 0x0000000094d00000| PB 0x0000000094d00000| Untracked |  0
| 260|0x0000000094e00000, 0x0000000094e00000, 0x0000000094f00000|  0%| F|  |TAMS 0x0000000094e00000| PB 0x0000000094e00000| Untracked |  0
| 261|0x0000000094f00000, 0x0000000094f00000, 0x0000000095000000|  0%| F|  |TAMS 0x0000000094f00000| PB 0x0000000094f00000| Untracked |  0
| 262|0x0000000095000000, 0x0000000095000000, 0x0000000095100000|  0%| F|  |TAMS 0x0000000095000000| PB 0x0000000095000000| Untracked |  0
| 263|0x0000000095100000, 0x0000000095100000, 0x0000000095200000|  0%| F|  |TAMS 0x0000000095100000| PB 0x0000000095100000| Untracked |  0
| 264|0x0000000095200000, 0x0000000095200000, 0x0000000095300000|  0%| F|  |TAMS 0x0000000095200000| PB 0x0000000095200000| Untracked |  0
| 265|0x0000000095300000, 0x0000000095300000, 0x0000000095400000|  0%| F|  |TAMS 0x0000000095300000| PB 0x0000000095300000| Untracked |  0
| 266|0x0000000095400000, 0x0000000095400000, 0x0000000095500000|  0%| F|  |TAMS 0x0000000095400000| PB 0x0000000095400000| Untracked |  0
| 267|0x0000000095500000, 0x0000000095500000, 0x0000000095600000|  0%| F|  |TAMS 0x0000000095500000| PB 0x0000000095500000| Untracked |  0
| 268|0x0000000095600000, 0x0000000095600000, 0x0000000095700000|  0%| F|  |TAMS 0x0000000095600000| PB 0x0000000095600000| Untracked |  0
| 269|0x0000000095700000, 0x0000000095700000, 0x0000000095800000|  0%| F|  |TAMS 0x0000000095700000| PB 0x0000000095700000| Untracked |  0
| 270|0x0000000095800000, 0x0000000095800000, 0x0000000095900000|  0%| F|  |TAMS 0x0000000095800000| PB 0x0000000095800000| Untracked |  0
| 271|0x0000000095900000, 0x0000000095900000, 0x0000000095a00000|  0%| F|  |TAMS 0x0000000095900000| PB 0x0000000095900000| Untracked |  0
| 272|0x0000000095a00000, 0x0000000095a00000, 0x0000000095b00000|  0%| F|  |TAMS 0x0000000095a00000| PB 0x0000000095a00000| Untracked |  0
| 273|0x0000000095b00000, 0x0000000095b00000, 0x0000000095c00000|  0%| F|  |TAMS 0x0000000095b00000| PB 0x0000000095b00000| Untracked |  0
| 274|0x0000000095c00000, 0x0000000095c00000, 0x0000000095d00000|  0%| F|  |TAMS 0x0000000095c00000| PB 0x0000000095c00000| Untracked |  0
| 275|0x0000000095d00000, 0x0000000095d00000, 0x0000000095e00000|  0%| F|  |TAMS 0x0000000095d00000| PB 0x0000000095d00000| Untracked |  0
| 276|0x0000000095e00000, 0x0000000095e00000, 0x0000000095f00000|  0%| F|  |TAMS 0x0000000095e00000| PB 0x0000000095e00000| Untracked |  0
| 277|0x0000000095f00000, 0x0000000095f00000, 0x0000000096000000|  0%| F|  |TAMS 0x0000000095f00000| PB 0x0000000095f00000| Untracked |  0
| 278|0x0000000096000000, 0x0000000096000000, 0x0000000096100000|  0%| F|  |TAMS 0x0000000096000000| PB 0x0000000096000000| Untracked |  0
| 279|0x0000000096100000, 0x0000000096100000, 0x0000000096200000|  0%| F|  |TAMS 0x0000000096100000| PB 0x0000000096100000| Untracked |  0
| 280|0x0000000096200000, 0x0000000096200000, 0x0000000096300000|  0%| F|  |TAMS 0x0000000096200000| PB 0x0000000096200000| Untracked |  0
| 281|0x0000000096300000, 0x0000000096300000, 0x0000000096400000|  0%| F|  |TAMS 0x0000000096300000| PB 0x0000000096300000| Untracked |  0
| 282|0x0000000096400000, 0x0000000096400000, 0x0000000096500000|  0%| F|  |TAMS 0x0000000096400000| PB 0x0000000096400000| Untracked |  0
| 283|0x0000000096500000, 0x0000000096500000, 0x0000000096600000|  0%| F|  |TAMS 0x0000000096500000| PB 0x0000000096500000| Untracked |  0
| 284|0x0000000096600000, 0x0000000096600000, 0x0000000096700000|  0%| F|  |TAMS 0x0000000096600000| PB 0x0000000096600000| Untracked |  0
| 285|0x0000000096700000, 0x0000000096700000, 0x0000000096800000|  0%| F|  |TAMS 0x0000000096700000| PB 0x0000000096700000| Untracked |  0
| 286|0x0000000096800000, 0x0000000096800000, 0x0000000096900000|  0%| F|  |TAMS 0x0000000096800000| PB 0x0000000096800000| Untracked |  0
| 287|0x0000000096900000, 0x0000000096900000, 0x0000000096a00000|  0%| F|  |TAMS 0x0000000096900000| PB 0x0000000096900000| Untracked |  0
| 288|0x0000000096a00000, 0x0000000096a00000, 0x0000000096b00000|  0%| F|  |TAMS 0x0000000096a00000| PB 0x0000000096a00000| Untracked |  0
| 289|0x0000000096b00000, 0x0000000096b00000, 0x0000000096c00000|  0%| F|  |TAMS 0x0000000096b00000| PB 0x0000000096b00000| Untracked |  0
| 290|0x0000000096c00000, 0x0000000096c00000, 0x0000000096d00000|  0%| F|  |TAMS 0x0000000096c00000| PB 0x0000000096c00000| Untracked |  0
| 291|0x0000000096d00000, 0x0000000096d00000, 0x0000000096e00000|  0%| F|  |TAMS 0x0000000096d00000| PB 0x0000000096d00000| Untracked |  0
| 292|0x0000000096e00000, 0x0000000096e00000, 0x0000000096f00000|  0%| F|  |TAMS 0x0000000096e00000| PB 0x0000000096e00000| Untracked |  0
| 293|0x0000000096f00000, 0x0000000096f00000, 0x0000000097000000|  0%| F|  |TAMS 0x0000000096f00000| PB 0x0000000096f00000| Untracked |  0
| 294|0x0000000097000000, 0x0000000097000000, 0x0000000097100000|  0%| F|  |TAMS 0x0000000097000000| PB 0x0000000097000000| Untracked |  0
| 295|0x0000000097100000, 0x0000000097100000, 0x0000000097200000|  0%| F|  |TAMS 0x0000000097100000| PB 0x0000000097100000| Untracked |  0
| 296|0x0000000097200000, 0x0000000097200000, 0x0000000097300000|  0%| F|  |TAMS 0x0000000097200000| PB 0x0000000097200000| Untracked |  0
| 297|0x0000000097300000, 0x0000000097300000, 0x0000000097400000|  0%| F|  |TAMS 0x0000000097300000| PB 0x0000000097300000| Untracked |  0
| 298|0x0000000097400000, 0x0000000097400000, 0x0000000097500000|  0%| F|  |TAMS 0x0000000097400000| PB 0x0000000097400000| Untracked |  0
| 299|0x0000000097500000, 0x0000000097500000, 0x0000000097600000|  0%| F|  |TAMS 0x0000000097500000| PB 0x0000000097500000| Untracked |  0
| 300|0x0000000097600000, 0x0000000097600000, 0x0000000097700000|  0%| F|  |TAMS 0x0000000097600000| PB 0x0000000097600000| Untracked |  0
| 301|0x0000000097700000, 0x0000000097700000, 0x0000000097800000|  0%| F|  |TAMS 0x0000000097700000| PB 0x0000000097700000| Untracked |  0
| 302|0x0000000097800000, 0x0000000097800000, 0x0000000097900000|  0%| F|  |TAMS 0x0000000097800000| PB 0x0000000097800000| Untracked |  0
| 303|0x0000000097900000, 0x0000000097900000, 0x0000000097a00000|  0%| F|  |TAMS 0x0000000097900000| PB 0x0000000097900000| Untracked |  0
| 304|0x0000000097a00000, 0x0000000097a00000, 0x0000000097b00000|  0%| F|  |TAMS 0x0000000097a00000| PB 0x0000000097a00000| Untracked |  0
| 305|0x0000000097b00000, 0x0000000097b00000, 0x0000000097c00000|  0%| F|  |TAMS 0x0000000097b00000| PB 0x0000000097b00000| Untracked |  0
| 306|0x0000000097c00000, 0x0000000097c00000, 0x0000000097d00000|  0%| F|  |TAMS 0x0000000097c00000| PB 0x0000000097c00000| Untracked |  0
| 307|0x0000000097d00000, 0x0000000097d00000, 0x0000000097e00000|  0%| F|  |TAMS 0x0000000097d00000| PB 0x0000000097d00000| Untracked |  0
| 308|0x0000000097e00000, 0x0000000097e00000, 0x0000000097f00000|  0%| F|  |TAMS 0x0000000097e00000| PB 0x0000000097e00000| Untracked |  0
| 309|0x0000000097f00000, 0x0000000097f00000, 0x0000000098000000|  0%| F|  |TAMS 0x0000000097f00000| PB 0x0000000097f00000| Untracked |  0
| 310|0x0000000098000000, 0x0000000098000000, 0x0000000098100000|  0%| F|  |TAMS 0x0000000098000000| PB 0x0000000098000000| Untracked |  0
| 311|0x0000000098100000, 0x0000000098100000, 0x0000000098200000|  0%| F|  |TAMS 0x0000000098100000| PB 0x0000000098100000| Untracked |  0
| 312|0x0000000098200000, 0x0000000098200000, 0x0000000098300000|  0%| F|  |TAMS 0x0000000098200000| PB 0x0000000098200000| Untracked |  0
| 313|0x0000000098300000, 0x0000000098300000, 0x0000000098400000|  0%| F|  |TAMS 0x0000000098300000| PB 0x0000000098300000| Untracked |  0
| 314|0x0000000098400000, 0x0000000098400000, 0x0000000098500000|  0%| F|  |TAMS 0x0000000098400000| PB 0x0000000098400000| Untracked |  0
| 315|0x0000000098500000, 0x0000000098500000, 0x0000000098600000|  0%| F|  |TAMS 0x0000000098500000| PB 0x0000000098500000| Untracked |  0
| 316|0x0000000098600000, 0x0000000098600000, 0x0000000098700000|  0%| F|  |TAMS 0x0000000098600000| PB 0x0000000098600000| Untracked |  0
| 317|0x0000000098700000, 0x0000000098700000, 0x0000000098800000|  0%| F|  |TAMS 0x0000000098700000| PB 0x0000000098700000| Untracked |  0
| 318|0x0000000098800000, 0x0000000098800000, 0x0000000098900000|  0%| F|  |TAMS 0x0000000098800000| PB 0x0000000098800000| Untracked |  0
| 319|0x0000000098900000, 0x0000000098900000, 0x0000000098a00000|  0%| F|  |TAMS 0x0000000098900000| PB 0x0000000098900000| Untracked |  0
| 320|0x0000000098a00000, 0x0000000098a00000, 0x0000000098b00000|  0%| F|  |TAMS 0x0000000098a00000| PB 0x0000000098a00000| Untracked |  0
| 321|0x0000000098b00000, 0x0000000098b00000, 0x0000000098c00000|  0%| F|  |TAMS 0x0000000098b00000| PB 0x0000000098b00000| Untracked |  0
| 322|0x0000000098c00000, 0x0000000098c00000, 0x0000000098d00000|  0%| F|  |TAMS 0x0000000098c00000| PB 0x0000000098c00000| Untracked |  0
| 323|0x0000000098d00000, 0x0000000098d00000, 0x0000000098e00000|  0%| F|  |TAMS 0x0000000098d00000| PB 0x0000000098d00000| Untracked |  0
| 324|0x0000000098e00000, 0x0000000098e00000, 0x0000000098f00000|  0%| F|  |TAMS 0x0000000098e00000| PB 0x0000000098e00000| Untracked |  0
| 325|0x0000000098f00000, 0x0000000098f00000, 0x0000000099000000|  0%| F|  |TAMS 0x0000000098f00000| PB 0x0000000098f00000| Untracked |  0
| 326|0x0000000099000000, 0x0000000099000000, 0x0000000099100000|  0%| F|  |TAMS 0x0000000099000000| PB 0x0000000099000000| Untracked |  0
| 327|0x0000000099100000, 0x0000000099100000, 0x0000000099200000|  0%| F|  |TAMS 0x0000000099100000| PB 0x0000000099100000| Untracked |  0
| 328|0x0000000099200000, 0x0000000099200000, 0x0000000099300000|  0%| F|  |TAMS 0x0000000099200000| PB 0x0000000099200000| Untracked |  0
| 329|0x0000000099300000, 0x0000000099300000, 0x0000000099400000|  0%| F|  |TAMS 0x0000000099300000| PB 0x0000000099300000| Untracked |  0
| 330|0x0000000099400000, 0x0000000099400000, 0x0000000099500000|  0%| F|  |TAMS 0x0000000099400000| PB 0x0000000099400000| Untracked |  0
| 331|0x0000000099500000, 0x0000000099500000, 0x0000000099600000|  0%| F|  |TAMS 0x0000000099500000| PB 0x0000000099500000| Untracked |  0
| 332|0x0000000099600000, 0x0000000099600000, 0x0000000099700000|  0%| F|  |TAMS 0x0000000099600000| PB 0x0000000099600000| Untracked |  0
| 333|0x0000000099700000, 0x0000000099700000, 0x0000000099800000|  0%| F|  |TAMS 0x0000000099700000| PB 0x0000000099700000| Untracked |  0
| 334|0x0000000099800000, 0x0000000099800000, 0x0000000099900000|  0%| F|  |TAMS 0x0000000099800000| PB 0x0000000099800000| Untracked |  0
| 335|0x0000000099900000, 0x0000000099900000, 0x0000000099a00000|  0%| F|  |TAMS 0x0000000099900000| PB 0x0000000099900000| Untracked |  0
| 336|0x0000000099a00000, 0x0000000099a00000, 0x0000000099b00000|  0%| F|  |TAMS 0x0000000099a00000| PB 0x0000000099a00000| Untracked |  0
| 337|0x0000000099b00000, 0x0000000099b00000, 0x0000000099c00000|  0%| F|  |TAMS 0x0000000099b00000| PB 0x0000000099b00000| Untracked |  0
| 338|0x0000000099c00000, 0x0000000099c00000, 0x0000000099d00000|  0%| F|  |TAMS 0x0000000099c00000| PB 0x0000000099c00000| Untracked |  0
| 339|0x0000000099d00000, 0x0000000099d00000, 0x0000000099e00000|  0%| F|  |TAMS 0x0000000099d00000| PB 0x0000000099d00000| Untracked |  0
| 340|0x0000000099e00000, 0x0000000099e00000, 0x0000000099f00000|  0%| F|  |TAMS 0x0000000099e00000| PB 0x0000000099e00000| Untracked |  0
| 341|0x0000000099f00000, 0x0000000099f00000, 0x000000009a000000|  0%| F|  |TAMS 0x0000000099f00000| PB 0x0000000099f00000| Untracked |  0
| 342|0x000000009a000000, 0x000000009a000000, 0x000000009a100000|  0%| F|  |TAMS 0x000000009a000000| PB 0x000000009a000000| Untracked |  0
| 343|0x000000009a100000, 0x000000009a100000, 0x000000009a200000|  0%| F|  |TAMS 0x000000009a100000| PB 0x000000009a100000| Untracked |  0
| 344|0x000000009a200000, 0x000000009a200000, 0x000000009a300000|  0%| F|  |TAMS 0x000000009a200000| PB 0x000000009a200000| Untracked |  0
| 345|0x000000009a300000, 0x000000009a300000, 0x000000009a400000|  0%| F|  |TAMS 0x000000009a300000| PB 0x000000009a300000| Untracked |  0
| 346|0x000000009a400000, 0x000000009a400000, 0x000000009a500000|  0%| F|  |TAMS 0x000000009a400000| PB 0x000000009a400000| Untracked |  0
| 347|0x000000009a500000, 0x000000009a500000, 0x000000009a600000|  0%| F|  |TAMS 0x000000009a500000| PB 0x000000009a500000| Untracked |  0
| 348|0x000000009a600000, 0x000000009a600000, 0x000000009a700000|  0%| F|  |TAMS 0x000000009a600000| PB 0x000000009a600000| Untracked |  0
| 349|0x000000009a700000, 0x000000009a700000, 0x000000009a800000|  0%| F|  |TAMS 0x000000009a700000| PB 0x000000009a700000| Untracked |  0
| 350|0x000000009a800000, 0x000000009a800000, 0x000000009a900000|  0%| F|  |TAMS 0x000000009a800000| PB 0x000000009a800000| Untracked |  0
| 351|0x000000009a900000, 0x000000009a900000, 0x000000009aa00000|  0%| F|  |TAMS 0x000000009a900000| PB 0x000000009a900000| Untracked |  0
| 352|0x000000009aa00000, 0x000000009aa00000, 0x000000009ab00000|  0%| F|  |TAMS 0x000000009aa00000| PB 0x000000009aa00000| Untracked |  0
| 353|0x000000009ab00000, 0x000000009ab00000, 0x000000009ac00000|  0%| F|  |TAMS 0x000000009ab00000| PB 0x000000009ab00000| Untracked |  0
| 354|0x000000009ac00000, 0x000000009ac00000, 0x000000009ad00000|  0%| F|  |TAMS 0x000000009ac00000| PB 0x000000009ac00000| Untracked |  0
| 355|0x000000009ad00000, 0x000000009ad00000, 0x000000009ae00000|  0%| F|  |TAMS 0x000000009ad00000| PB 0x000000009ad00000| Untracked |  0
| 356|0x000000009ae00000, 0x000000009ae00000, 0x000000009af00000|  0%| F|  |TAMS 0x000000009ae00000| PB 0x000000009ae00000| Untracked |  0
| 357|0x000000009af00000, 0x000000009af00000, 0x000000009b000000|  0%| F|  |TAMS 0x000000009af00000| PB 0x000000009af00000| Untracked |  0
| 358|0x000000009b000000, 0x000000009b000000, 0x000000009b100000|  0%| F|  |TAMS 0x000000009b000000| PB 0x000000009b000000| Untracked |  0
| 359|0x000000009b100000, 0x000000009b100000, 0x000000009b200000|  0%| F|  |TAMS 0x000000009b100000| PB 0x000000009b100000| Untracked |  0
| 360|0x000000009b200000, 0x000000009b200000, 0x000000009b300000|  0%| F|  |TAMS 0x000000009b200000| PB 0x000000009b200000| Untracked |  0
| 361|0x000000009b300000, 0x000000009b300000, 0x000000009b400000|  0%| F|  |TAMS 0x000000009b300000| PB 0x000000009b300000| Untracked |  0
| 362|0x000000009b400000, 0x000000009b400000, 0x000000009b500000|  0%| F|  |TAMS 0x000000009b400000| PB 0x000000009b400000| Untracked |  0
| 363|0x000000009b500000, 0x000000009b500000, 0x000000009b600000|  0%| F|  |TAMS 0x000000009b500000| PB 0x000000009b500000| Untracked |  0
| 364|0x000000009b600000, 0x000000009b600000, 0x000000009b700000|  0%| F|  |TAMS 0x000000009b600000| PB 0x000000009b600000| Untracked |  0
| 365|0x000000009b700000, 0x000000009b700000, 0x000000009b800000|  0%| F|  |TAMS 0x000000009b700000| PB 0x000000009b700000| Untracked |  0
| 366|0x000000009b800000, 0x000000009b800000, 0x000000009b900000|  0%| F|  |TAMS 0x000000009b800000| PB 0x000000009b800000| Untracked |  0
| 367|0x000000009b900000, 0x000000009b900000, 0x000000009ba00000|  0%| F|  |TAMS 0x000000009b900000| PB 0x000000009b900000| Untracked |  0
| 368|0x000000009ba00000, 0x000000009ba00000, 0x000000009bb00000|  0%| F|  |TAMS 0x000000009ba00000| PB 0x000000009ba00000| Untracked |  0
| 369|0x000000009bb00000, 0x000000009bb00000, 0x000000009bc00000|  0%| F|  |TAMS 0x000000009bb00000| PB 0x000000009bb00000| Untracked |  0
| 370|0x000000009bc00000, 0x000000009bc00000, 0x000000009bd00000|  0%| F|  |TAMS 0x000000009bc00000| PB 0x000000009bc00000| Untracked |  0
| 371|0x000000009bd00000, 0x000000009bd00000, 0x000000009be00000|  0%| F|  |TAMS 0x000000009bd00000| PB 0x000000009bd00000| Untracked |  0
| 372|0x000000009be00000, 0x000000009be00000, 0x000000009bf00000|  0%| F|  |TAMS 0x000000009be00000| PB 0x000000009be00000| Untracked |  0
| 373|0x000000009bf00000, 0x000000009bf00000, 0x000000009c000000|  0%| F|  |TAMS 0x000000009bf00000| PB 0x000000009bf00000| Untracked |  0
| 374|0x000000009c000000, 0x000000009c000000, 0x000000009c100000|  0%| F|  |TAMS 0x000000009c000000| PB 0x000000009c000000| Untracked |  0
| 375|0x000000009c100000, 0x000000009c100000, 0x000000009c200000|  0%| F|  |TAMS 0x000000009c100000| PB 0x000000009c100000| Untracked |  0
| 376|0x000000009c200000, 0x000000009c200000, 0x000000009c300000|  0%| F|  |TAMS 0x000000009c200000| PB 0x000000009c200000| Untracked |  0
| 377|0x000000009c300000, 0x000000009c300000, 0x000000009c400000|  0%| F|  |TAMS 0x000000009c300000| PB 0x000000009c300000| Untracked |  0
| 378|0x000000009c400000, 0x000000009c400000, 0x000000009c500000|  0%| F|  |TAMS 0x000000009c400000| PB 0x000000009c400000| Untracked |  0
| 379|0x000000009c500000, 0x000000009c500000, 0x000000009c600000|  0%| F|  |TAMS 0x000000009c500000| PB 0x000000009c500000| Untracked |  0
| 380|0x000000009c600000, 0x000000009c600000, 0x000000009c700000|  0%| F|  |TAMS 0x000000009c600000| PB 0x000000009c600000| Untracked |  0
| 381|0x000000009c700000, 0x000000009c700000, 0x000000009c800000|  0%| F|  |TAMS 0x000000009c700000| PB 0x000000009c700000| Untracked |  0
| 382|0x000000009c800000, 0x000000009c800000, 0x000000009c900000|  0%| F|  |TAMS 0x000000009c800000| PB 0x000000009c800000| Untracked |  0
| 383|0x000000009c900000, 0x000000009ca00000, 0x000000009ca00000|100%| S|CS|TAMS 0x000000009c900000| PB 0x000000009c900000| Complete |  0
| 384|0x000000009ca00000, 0x000000009cb00000, 0x000000009cb00000|100%| S|CS|TAMS 0x000000009ca00000| PB 0x000000009ca00000| Complete |  0
| 385|0x000000009cb00000, 0x000000009cc00000, 0x000000009cc00000|100%| S|CS|TAMS 0x000000009cb00000| PB 0x000000009cb00000| Complete |  0
| 386|0x000000009cc00000, 0x000000009cd00000, 0x000000009cd00000|100%| S|CS|TAMS 0x000000009cc00000| PB 0x000000009cc00000| Complete |  0
| 387|0x000000009cd00000, 0x000000009ce00000, 0x000000009ce00000|100%| S|CS|TAMS 0x000000009cd00000| PB 0x000000009cd00000| Complete |  0
| 388|0x000000009ce00000, 0x000000009cf00000, 0x000000009cf00000|100%| S|CS|TAMS 0x000000009ce00000| PB 0x000000009ce00000| Complete |  0
| 389|0x000000009cf00000, 0x000000009d000000, 0x000000009d000000|100%| S|CS|TAMS 0x000000009cf00000| PB 0x000000009cf00000| Complete |  0
| 390|0x000000009d000000, 0x000000009d100000, 0x000000009d100000|100%| S|CS|TAMS 0x000000009d000000| PB 0x000000009d000000| Complete |  0
| 391|0x000000009d100000, 0x000000009d200000, 0x000000009d200000|100%| S|CS|TAMS 0x000000009d100000| PB 0x000000009d100000| Complete |  0
| 392|0x000000009d200000, 0x000000009d300000, 0x000000009d300000|100%| S|CS|TAMS 0x000000009d200000| PB 0x000000009d200000| Complete |  0
| 393|0x000000009d300000, 0x000000009d300000, 0x000000009d400000|  0%| F|  |TAMS 0x000000009d300000| PB 0x000000009d300000| Untracked |  0
| 394|0x000000009d400000, 0x000000009d400000, 0x000000009d500000|  0%| F|  |TAMS 0x000000009d400000| PB 0x000000009d400000| Untracked |  0
| 395|0x000000009d500000, 0x000000009d500000, 0x000000009d600000|  0%| F|  |TAMS 0x000000009d500000| PB 0x000000009d500000| Untracked |  0
| 396|0x000000009d600000, 0x000000009d600000, 0x000000009d700000|  0%| F|  |TAMS 0x000000009d600000| PB 0x000000009d600000| Untracked |  0
| 397|0x000000009d700000, 0x000000009d700000, 0x000000009d800000|  0%| F|  |TAMS 0x000000009d700000| PB 0x000000009d700000| Untracked |  0
| 398|0x000000009d800000, 0x000000009d800000, 0x000000009d900000|  0%| F|  |TAMS 0x000000009d800000| PB 0x000000009d800000| Untracked |  0
| 399|0x000000009d900000, 0x000000009d900000, 0x000000009da00000|  0%| F|  |TAMS 0x000000009d900000| PB 0x000000009d900000| Untracked |  0
| 400|0x000000009da00000, 0x000000009da00000, 0x000000009db00000|  0%| F|  |TAMS 0x000000009da00000| PB 0x000000009da00000| Untracked |  0
| 401|0x000000009db00000, 0x000000009db00000, 0x000000009dc00000|  0%| F|  |TAMS 0x000000009db00000| PB 0x000000009db00000| Untracked |  0
| 402|0x000000009dc00000, 0x000000009dc00000, 0x000000009dd00000|  0%| F|  |TAMS 0x000000009dc00000| PB 0x000000009dc00000| Untracked |  0
| 403|0x000000009dd00000, 0x000000009dd00000, 0x000000009de00000|  0%| F|  |TAMS 0x000000009dd00000| PB 0x000000009dd00000| Untracked |  0
| 404|0x000000009de00000, 0x000000009de00000, 0x000000009df00000|  0%| F|  |TAMS 0x000000009de00000| PB 0x000000009de00000| Untracked |  0
| 405|0x000000009df00000, 0x000000009df00000, 0x000000009e000000|  0%| F|  |TAMS 0x000000009df00000| PB 0x000000009df00000| Untracked |  0
| 406|0x000000009e000000, 0x000000009e000000, 0x000000009e100000|  0%| F|  |TAMS 0x000000009e000000| PB 0x000000009e000000| Untracked |  0
| 407|0x000000009e100000, 0x000000009e100000, 0x000000009e200000|  0%| F|  |TAMS 0x000000009e100000| PB 0x000000009e100000| Untracked |  0
| 408|0x000000009e200000, 0x000000009e200000, 0x000000009e300000|  0%| F|  |TAMS 0x000000009e200000| PB 0x000000009e200000| Untracked |  0
| 409|0x000000009e300000, 0x000000009e300000, 0x000000009e400000|  0%| F|  |TAMS 0x000000009e300000| PB 0x000000009e300000| Untracked |  0
| 410|0x000000009e400000, 0x000000009e400000, 0x000000009e500000|  0%| F|  |TAMS 0x000000009e400000| PB 0x000000009e400000| Untracked |  0
| 411|0x000000009e500000, 0x000000009e500000, 0x000000009e600000|  0%| F|  |TAMS 0x000000009e500000| PB 0x000000009e500000| Untracked |  0
| 412|0x000000009e600000, 0x000000009e600000, 0x000000009e700000|  0%| F|  |TAMS 0x000000009e600000| PB 0x000000009e600000| Untracked |  0
| 413|0x000000009e700000, 0x000000009e700000, 0x000000009e800000|  0%| F|  |TAMS 0x000000009e700000| PB 0x000000009e700000| Untracked |  0
| 414|0x000000009e800000, 0x000000009e800000, 0x000000009e900000|  0%| F|  |TAMS 0x000000009e800000| PB 0x000000009e800000| Untracked |  0
| 415|0x000000009e900000, 0x000000009e900000, 0x000000009ea00000|  0%| F|  |TAMS 0x000000009e900000| PB 0x000000009e900000| Untracked |  0
| 416|0x000000009ea00000, 0x000000009ea00000, 0x000000009eb00000|  0%| F|  |TAMS 0x000000009ea00000| PB 0x000000009ea00000| Untracked |  0
| 417|0x000000009eb00000, 0x000000009eb00000, 0x000000009ec00000|  0%| F|  |TAMS 0x000000009eb00000| PB 0x000000009eb00000| Untracked |  0
| 418|0x000000009ec00000, 0x000000009ec00000, 0x000000009ed00000|  0%| F|  |TAMS 0x000000009ec00000| PB 0x000000009ec00000| Untracked |  0
| 419|0x000000009ed00000, 0x000000009ed00000, 0x000000009ee00000|  0%| F|  |TAMS 0x000000009ed00000| PB 0x000000009ed00000| Untracked |  0
| 420|0x000000009ee00000, 0x000000009ee00000, 0x000000009ef00000|  0%| F|  |TAMS 0x000000009ee00000| PB 0x000000009ee00000| Untracked |  0
| 421|0x000000009ef00000, 0x000000009ef00000, 0x000000009f000000|  0%| F|  |TAMS 0x000000009ef00000| PB 0x000000009ef00000| Untracked |  0
| 422|0x000000009f000000, 0x000000009f000000, 0x000000009f100000|  0%| F|  |TAMS 0x000000009f000000| PB 0x000000009f000000| Untracked |  0
| 423|0x000000009f100000, 0x000000009f100000, 0x000000009f200000|  0%| F|  |TAMS 0x000000009f100000| PB 0x000000009f100000| Untracked |  0
| 424|0x000000009f200000, 0x000000009f200000, 0x000000009f300000|  0%| F|  |TAMS 0x000000009f200000| PB 0x000000009f200000| Untracked |  0
| 425|0x000000009f300000, 0x000000009f300000, 0x000000009f400000|  0%| F|  |TAMS 0x000000009f300000| PB 0x000000009f300000| Untracked |  0
| 426|0x000000009f400000, 0x000000009f400000, 0x000000009f500000|  0%| F|  |TAMS 0x000000009f400000| PB 0x000000009f400000| Untracked |  0
| 427|0x000000009f500000, 0x000000009f500000, 0x000000009f600000|  0%| F|  |TAMS 0x000000009f500000| PB 0x000000009f500000| Untracked |  0
| 428|0x000000009f600000, 0x000000009f600000, 0x000000009f700000|  0%| F|  |TAMS 0x000000009f600000| PB 0x000000009f600000| Untracked |  0
| 429|0x000000009f700000, 0x000000009f700000, 0x000000009f800000|  0%| F|  |TAMS 0x000000009f700000| PB 0x000000009f700000| Untracked |  0
| 430|0x000000009f800000, 0x000000009f800000, 0x000000009f900000|  0%| F|  |TAMS 0x000000009f800000| PB 0x000000009f800000| Untracked |  0
| 431|0x000000009f900000, 0x000000009f900000, 0x000000009fa00000|  0%| F|  |TAMS 0x000000009f900000| PB 0x000000009f900000| Untracked |  0
| 432|0x000000009fa00000, 0x000000009fa00000, 0x000000009fb00000|  0%| F|  |TAMS 0x000000009fa00000| PB 0x000000009fa00000| Untracked |  0
| 433|0x000000009fb00000, 0x000000009fb00000, 0x000000009fc00000|  0%| F|  |TAMS 0x000000009fb00000| PB 0x000000009fb00000| Untracked |  0
| 434|0x000000009fc00000, 0x000000009fc00000, 0x000000009fd00000|  0%| F|  |TAMS 0x000000009fc00000| PB 0x000000009fc00000| Untracked |  0
| 435|0x000000009fd00000, 0x000000009fd00000, 0x000000009fe00000|  0%| F|  |TAMS 0x000000009fd00000| PB 0x000000009fd00000| Untracked |  0
| 436|0x000000009fe00000, 0x000000009fe00000, 0x000000009ff00000|  0%| F|  |TAMS 0x000000009fe00000| PB 0x000000009fe00000| Untracked |  0
| 437|0x000000009ff00000, 0x000000009ff00000, 0x00000000a0000000|  0%| F|  |TAMS 0x000000009ff00000| PB 0x000000009ff00000| Untracked |  0
| 438|0x00000000a0000000, 0x00000000a0000000, 0x00000000a0100000|  0%| F|  |TAMS 0x00000000a0000000| PB 0x00000000a0000000| Untracked |  0
| 439|0x00000000a0100000, 0x00000000a0100000, 0x00000000a0200000|  0%| F|  |TAMS 0x00000000a0100000| PB 0x00000000a0100000| Untracked |  0
| 440|0x00000000a0200000, 0x00000000a0200000, 0x00000000a0300000|  0%| F|  |TAMS 0x00000000a0200000| PB 0x00000000a0200000| Untracked |  0
| 441|0x00000000a0300000, 0x00000000a0300000, 0x00000000a0400000|  0%| F|  |TAMS 0x00000000a0300000| PB 0x00000000a0300000| Untracked |  0
| 442|0x00000000a0400000, 0x00000000a0400000, 0x00000000a0500000|  0%| F|  |TAMS 0x00000000a0400000| PB 0x00000000a0400000| Untracked |  0
| 443|0x00000000a0500000, 0x00000000a0500000, 0x00000000a0600000|  0%| F|  |TAMS 0x00000000a0500000| PB 0x00000000a0500000| Untracked |  0
| 444|0x00000000a0600000, 0x00000000a0600000, 0x00000000a0700000|  0%| F|  |TAMS 0x00000000a0600000| PB 0x00000000a0600000| Untracked |  0
| 445|0x00000000a0700000, 0x00000000a0700000, 0x00000000a0800000|  0%| F|  |TAMS 0x00000000a0700000| PB 0x00000000a0700000| Untracked |  0
| 446|0x00000000a0800000, 0x00000000a0800000, 0x00000000a0900000|  0%| F|  |TAMS 0x00000000a0800000| PB 0x00000000a0800000| Untracked |  0
| 447|0x00000000a0900000, 0x00000000a0900000, 0x00000000a0a00000|  0%| F|  |TAMS 0x00000000a0900000| PB 0x00000000a0900000| Untracked |  0
| 448|0x00000000a0a00000, 0x00000000a0a00000, 0x00000000a0b00000|  0%| F|  |TAMS 0x00000000a0a00000| PB 0x00000000a0a00000| Untracked |  0
| 449|0x00000000a0b00000, 0x00000000a0b00000, 0x00000000a0c00000|  0%| F|  |TAMS 0x00000000a0b00000| PB 0x00000000a0b00000| Untracked |  0
| 450|0x00000000a0c00000, 0x00000000a0c00000, 0x00000000a0d00000|  0%| F|  |TAMS 0x00000000a0c00000| PB 0x00000000a0c00000| Untracked |  0
| 451|0x00000000a0d00000, 0x00000000a0d00000, 0x00000000a0e00000|  0%| F|  |TAMS 0x00000000a0d00000| PB 0x00000000a0d00000| Untracked |  0
| 452|0x00000000a0e00000, 0x00000000a0e00000, 0x00000000a0f00000|  0%| F|  |TAMS 0x00000000a0e00000| PB 0x00000000a0e00000| Untracked |  0
| 453|0x00000000a0f00000, 0x00000000a0f00000, 0x00000000a1000000|  0%| F|  |TAMS 0x00000000a0f00000| PB 0x00000000a0f00000| Untracked |  0
| 454|0x00000000a1000000, 0x00000000a1000000, 0x00000000a1100000|  0%| F|  |TAMS 0x00000000a1000000| PB 0x00000000a1000000| Untracked |  0
| 455|0x00000000a1100000, 0x00000000a1100000, 0x00000000a1200000|  0%| F|  |TAMS 0x00000000a1100000| PB 0x00000000a1100000| Untracked |  0
| 456|0x00000000a1200000, 0x00000000a1200000, 0x00000000a1300000|  0%| F|  |TAMS 0x00000000a1200000| PB 0x00000000a1200000| Untracked |  0
| 457|0x00000000a1300000, 0x00000000a1300000, 0x00000000a1400000|  0%| F|  |TAMS 0x00000000a1300000| PB 0x00000000a1300000| Untracked |  0
| 458|0x00000000a1400000, 0x00000000a1400000, 0x00000000a1500000|  0%| F|  |TAMS 0x00000000a1400000| PB 0x00000000a1400000| Untracked |  0
| 459|0x00000000a1500000, 0x00000000a1500000, 0x00000000a1600000|  0%| F|  |TAMS 0x00000000a1500000| PB 0x00000000a1500000| Untracked |  0
| 460|0x00000000a1600000, 0x00000000a1600000, 0x00000000a1700000|  0%| F|  |TAMS 0x00000000a1600000| PB 0x00000000a1600000| Untracked |  0
| 461|0x00000000a1700000, 0x00000000a1700000, 0x00000000a1800000|  0%| F|  |TAMS 0x00000000a1700000| PB 0x00000000a1700000| Untracked |  0
| 462|0x00000000a1800000, 0x00000000a1800000, 0x00000000a1900000|  0%| F|  |TAMS 0x00000000a1800000| PB 0x00000000a1800000| Untracked |  0
| 463|0x00000000a1900000, 0x00000000a1900000, 0x00000000a1a00000|  0%| F|  |TAMS 0x00000000a1900000| PB 0x00000000a1900000| Untracked |  0
| 464|0x00000000a1a00000, 0x00000000a1a00000, 0x00000000a1b00000|  0%| F|  |TAMS 0x00000000a1a00000| PB 0x00000000a1a00000| Untracked |  0
| 465|0x00000000a1b00000, 0x00000000a1b00000, 0x00000000a1c00000|  0%| F|  |TAMS 0x00000000a1b00000| PB 0x00000000a1b00000| Untracked |  0
| 466|0x00000000a1c00000, 0x00000000a1c00000, 0x00000000a1d00000|  0%| F|  |TAMS 0x00000000a1c00000| PB 0x00000000a1c00000| Untracked |  0
| 467|0x00000000a1d00000, 0x00000000a1d00000, 0x00000000a1e00000|  0%| F|  |TAMS 0x00000000a1d00000| PB 0x00000000a1d00000| Untracked |  0
| 468|0x00000000a1e00000, 0x00000000a1e00000, 0x00000000a1f00000|  0%| F|  |TAMS 0x00000000a1e00000| PB 0x00000000a1e00000| Untracked |  0
| 469|0x00000000a1f00000, 0x00000000a1f00000, 0x00000000a2000000|  0%| F|  |TAMS 0x00000000a1f00000| PB 0x00000000a1f00000| Untracked |  0
| 470|0x00000000a2000000, 0x00000000a2000000, 0x00000000a2100000|  0%| F|  |TAMS 0x00000000a2000000| PB 0x00000000a2000000| Untracked |  0
| 471|0x00000000a2100000, 0x00000000a2100000, 0x00000000a2200000|  0%| F|  |TAMS 0x00000000a2100000| PB 0x00000000a2100000| Untracked |  0
| 472|0x00000000a2200000, 0x00000000a2200000, 0x00000000a2300000|  0%| F|  |TAMS 0x00000000a2200000| PB 0x00000000a2200000| Untracked |  0
| 473|0x00000000a2300000, 0x00000000a2300000, 0x00000000a2400000|  0%| F|  |TAMS 0x00000000a2300000| PB 0x00000000a2300000| Untracked |  0
| 474|0x00000000a2400000, 0x00000000a2400000, 0x00000000a2500000|  0%| F|  |TAMS 0x00000000a2400000| PB 0x00000000a2400000| Untracked |  0
| 475|0x00000000a2500000, 0x00000000a2500000, 0x00000000a2600000|  0%| F|  |TAMS 0x00000000a2500000| PB 0x00000000a2500000| Untracked |  0
| 476|0x00000000a2600000, 0x00000000a2600000, 0x00000000a2700000|  0%| F|  |TAMS 0x00000000a2600000| PB 0x00000000a2600000| Untracked |  0
| 477|0x00000000a2700000, 0x00000000a2700000, 0x00000000a2800000|  0%| F|  |TAMS 0x00000000a2700000| PB 0x00000000a2700000| Untracked |  0
| 478|0x00000000a2800000, 0x00000000a2800000, 0x00000000a2900000|  0%| F|  |TAMS 0x00000000a2800000| PB 0x00000000a2800000| Untracked |  0
| 479|0x00000000a2900000, 0x00000000a2900000, 0x00000000a2a00000|  0%| F|  |TAMS 0x00000000a2900000| PB 0x00000000a2900000| Untracked |  0
| 480|0x00000000a2a00000, 0x00000000a2a00000, 0x00000000a2b00000|  0%| F|  |TAMS 0x00000000a2a00000| PB 0x00000000a2a00000| Untracked |  0
| 481|0x00000000a2b00000, 0x00000000a2b00000, 0x00000000a2c00000|  0%| F|  |TAMS 0x00000000a2b00000| PB 0x00000000a2b00000| Untracked |  0
| 482|0x00000000a2c00000, 0x00000000a2c00000, 0x00000000a2d00000|  0%| F|  |TAMS 0x00000000a2c00000| PB 0x00000000a2c00000| Untracked |  0
| 483|0x00000000a2d00000, 0x00000000a2d00000, 0x00000000a2e00000|  0%| F|  |TAMS 0x00000000a2d00000| PB 0x00000000a2d00000| Untracked |  0
| 484|0x00000000a2e00000, 0x00000000a2e00000, 0x00000000a2f00000|  0%| F|  |TAMS 0x00000000a2e00000| PB 0x00000000a2e00000| Untracked |  0
| 485|0x00000000a2f00000, 0x00000000a2f00000, 0x00000000a3000000|  0%| F|  |TAMS 0x00000000a2f00000| PB 0x00000000a2f00000| Untracked |  0
| 486|0x00000000a3000000, 0x00000000a3000000, 0x00000000a3100000|  0%| F|  |TAMS 0x00000000a3000000| PB 0x00000000a3000000| Untracked |  0
| 487|0x00000000a3100000, 0x00000000a3100000, 0x00000000a3200000|  0%| F|  |TAMS 0x00000000a3100000| PB 0x00000000a3100000| Untracked |  0
| 488|0x00000000a3200000, 0x00000000a3200000, 0x00000000a3300000|  0%| F|  |TAMS 0x00000000a3200000| PB 0x00000000a3200000| Untracked |  0
| 489|0x00000000a3300000, 0x00000000a3300000, 0x00000000a3400000|  0%| F|  |TAMS 0x00000000a3300000| PB 0x00000000a3300000| Untracked |  0
| 490|0x00000000a3400000, 0x00000000a3400000, 0x00000000a3500000|  0%| F|  |TAMS 0x00000000a3400000| PB 0x00000000a3400000| Untracked |  0
| 491|0x00000000a3500000, 0x00000000a3500000, 0x00000000a3600000|  0%| F|  |TAMS 0x00000000a3500000| PB 0x00000000a3500000| Untracked |  0
| 492|0x00000000a3600000, 0x00000000a3600000, 0x00000000a3700000|  0%| F|  |TAMS 0x00000000a3600000| PB 0x00000000a3600000| Untracked |  0
| 493|0x00000000a3700000, 0x00000000a3700000, 0x00000000a3800000|  0%| F|  |TAMS 0x00000000a3700000| PB 0x00000000a3700000| Untracked |  0
| 494|0x00000000a3800000, 0x00000000a3800000, 0x00000000a3900000|  0%| F|  |TAMS 0x00000000a3800000| PB 0x00000000a3800000| Untracked |  0
| 495|0x00000000a3900000, 0x00000000a3900000, 0x00000000a3a00000|  0%| F|  |TAMS 0x00000000a3900000| PB 0x00000000a3900000| Untracked |  0
| 496|0x00000000a3a00000, 0x00000000a3a00000, 0x00000000a3b00000|  0%| F|  |TAMS 0x00000000a3a00000| PB 0x00000000a3a00000| Untracked |  0
| 497|0x00000000a3b00000, 0x00000000a3b00000, 0x00000000a3c00000|  0%| F|  |TAMS 0x00000000a3b00000| PB 0x00000000a3b00000| Untracked |  0
| 498|0x00000000a3c00000, 0x00000000a3c00000, 0x00000000a3d00000|  0%| F|  |TAMS 0x00000000a3c00000| PB 0x00000000a3c00000| Untracked |  0
| 499|0x00000000a3d00000, 0x00000000a3d00000, 0x00000000a3e00000|  0%| F|  |TAMS 0x00000000a3d00000| PB 0x00000000a3d00000| Untracked |  0
| 500|0x00000000a3e00000, 0x00000000a3e00000, 0x00000000a3f00000|  0%| F|  |TAMS 0x00000000a3e00000| PB 0x00000000a3e00000| Untracked |  0
| 501|0x00000000a3f00000, 0x00000000a3f00000, 0x00000000a4000000|  0%| F|  |TAMS 0x00000000a3f00000| PB 0x00000000a3f00000| Untracked |  0
| 502|0x00000000a4000000, 0x00000000a4000000, 0x00000000a4100000|  0%| F|  |TAMS 0x00000000a4000000| PB 0x00000000a4000000| Untracked |  0
| 503|0x00000000a4100000, 0x00000000a4100000, 0x00000000a4200000|  0%| F|  |TAMS 0x00000000a4100000| PB 0x00000000a4100000| Untracked |  0
| 504|0x00000000a4200000, 0x00000000a4200000, 0x00000000a4300000|  0%| F|  |TAMS 0x00000000a4200000| PB 0x00000000a4200000| Untracked |  0
| 505|0x00000000a4300000, 0x00000000a4300000, 0x00000000a4400000|  0%| F|  |TAMS 0x00000000a4300000| PB 0x00000000a4300000| Untracked |  0
| 506|0x00000000a4400000, 0x00000000a4400000, 0x00000000a4500000|  0%| F|  |TAMS 0x00000000a4400000| PB 0x00000000a4400000| Untracked |  0
| 507|0x00000000a4500000, 0x00000000a4500000, 0x00000000a4600000|  0%| F|  |TAMS 0x00000000a4500000| PB 0x00000000a4500000| Untracked |  0
| 508|0x00000000a4600000, 0x00000000a4600000, 0x00000000a4700000|  0%| F|  |TAMS 0x00000000a4600000| PB 0x00000000a4600000| Untracked |  0
| 509|0x00000000a4700000, 0x00000000a4700000, 0x00000000a4800000|  0%| F|  |TAMS 0x00000000a4700000| PB 0x00000000a4700000| Untracked |  0
| 510|0x00000000a4800000, 0x00000000a4800000, 0x00000000a4900000|  0%| F|  |TAMS 0x00000000a4800000| PB 0x00000000a4800000| Untracked |  0
| 511|0x00000000a4900000, 0x00000000a4900000, 0x00000000a4a00000|  0%| F|  |TAMS 0x00000000a4900000| PB 0x00000000a4900000| Untracked |  0
| 512|0x00000000a4a00000, 0x00000000a4a00000, 0x00000000a4b00000|  0%| F|  |TAMS 0x00000000a4a00000| PB 0x00000000a4a00000| Untracked |  0
| 513|0x00000000a4b00000, 0x00000000a4b00000, 0x00000000a4c00000|  0%| F|  |TAMS 0x00000000a4b00000| PB 0x00000000a4b00000| Untracked |  0
| 514|0x00000000a4c00000, 0x00000000a4c00000, 0x00000000a4d00000|  0%| F|  |TAMS 0x00000000a4c00000| PB 0x00000000a4c00000| Untracked |  0
| 515|0x00000000a4d00000, 0x00000000a4d00000, 0x00000000a4e00000|  0%| F|  |TAMS 0x00000000a4d00000| PB 0x00000000a4d00000| Untracked |  0
| 516|0x00000000a4e00000, 0x00000000a4e00000, 0x00000000a4f00000|  0%| F|  |TAMS 0x00000000a4e00000| PB 0x00000000a4e00000| Untracked |  0
| 517|0x00000000a4f00000, 0x00000000a4f00000, 0x00000000a5000000|  0%| F|  |TAMS 0x00000000a4f00000| PB 0x00000000a4f00000| Untracked |  0
| 518|0x00000000a5000000, 0x00000000a5000000, 0x00000000a5100000|  0%| F|  |TAMS 0x00000000a5000000| PB 0x00000000a5000000| Untracked |  0
| 519|0x00000000a5100000, 0x00000000a5100000, 0x00000000a5200000|  0%| F|  |TAMS 0x00000000a5100000| PB 0x00000000a5100000| Untracked |  0
| 520|0x00000000a5200000, 0x00000000a5200000, 0x00000000a5300000|  0%| F|  |TAMS 0x00000000a5200000| PB 0x00000000a5200000| Untracked |  0
| 521|0x00000000a5300000, 0x00000000a5300000, 0x00000000a5400000|  0%| F|  |TAMS 0x00000000a5300000| PB 0x00000000a5300000| Untracked |  0
| 522|0x00000000a5400000, 0x00000000a5400000, 0x00000000a5500000|  0%| F|  |TAMS 0x00000000a5400000| PB 0x00000000a5400000| Untracked |  0
| 523|0x00000000a5500000, 0x00000000a5500000, 0x00000000a5600000|  0%| F|  |TAMS 0x00000000a5500000| PB 0x00000000a5500000| Untracked |  0
| 524|0x00000000a5600000, 0x00000000a5600000, 0x00000000a5700000|  0%| F|  |TAMS 0x00000000a5600000| PB 0x00000000a5600000| Untracked |  0
| 525|0x00000000a5700000, 0x00000000a5700000, 0x00000000a5800000|  0%| F|  |TAMS 0x00000000a5700000| PB 0x00000000a5700000| Untracked |  0
| 526|0x00000000a5800000, 0x00000000a5800000, 0x00000000a5900000|  0%| F|  |TAMS 0x00000000a5800000| PB 0x00000000a5800000| Untracked |  0
| 527|0x00000000a5900000, 0x00000000a5900000, 0x00000000a5a00000|  0%| F|  |TAMS 0x00000000a5900000| PB 0x00000000a5900000| Untracked |  0
| 528|0x00000000a5a00000, 0x00000000a5a00000, 0x00000000a5b00000|  0%| F|  |TAMS 0x00000000a5a00000| PB 0x00000000a5a00000| Untracked |  0
| 529|0x00000000a5b00000, 0x00000000a5b00000, 0x00000000a5c00000|  0%| F|  |TAMS 0x00000000a5b00000| PB 0x00000000a5b00000| Untracked |  0
| 530|0x00000000a5c00000, 0x00000000a5c00000, 0x00000000a5d00000|  0%| F|  |TAMS 0x00000000a5c00000| PB 0x00000000a5c00000| Untracked |  0
| 531|0x00000000a5d00000, 0x00000000a5d00000, 0x00000000a5e00000|  0%| F|  |TAMS 0x00000000a5d00000| PB 0x00000000a5d00000| Untracked |  0
| 532|0x00000000a5e00000, 0x00000000a5e00000, 0x00000000a5f00000|  0%| F|  |TAMS 0x00000000a5e00000| PB 0x00000000a5e00000| Untracked |  0
| 533|0x00000000a5f00000, 0x00000000a5f00000, 0x00000000a6000000|  0%| F|  |TAMS 0x00000000a5f00000| PB 0x00000000a5f00000| Untracked |  0
| 534|0x00000000a6000000, 0x00000000a6000000, 0x00000000a6100000|  0%| F|  |TAMS 0x00000000a6000000| PB 0x00000000a6000000| Untracked |  0
| 535|0x00000000a6100000, 0x00000000a6100000, 0x00000000a6200000|  0%| F|  |TAMS 0x00000000a6100000| PB 0x00000000a6100000| Untracked |  0
| 536|0x00000000a6200000, 0x00000000a6200000, 0x00000000a6300000|  0%| F|  |TAMS 0x00000000a6200000| PB 0x00000000a6200000| Untracked |  0
| 537|0x00000000a6300000, 0x00000000a6300000, 0x00000000a6400000|  0%| F|  |TAMS 0x00000000a6300000| PB 0x00000000a6300000| Untracked |  0
| 538|0x00000000a6400000, 0x00000000a6400000, 0x00000000a6500000|  0%| F|  |TAMS 0x00000000a6400000| PB 0x00000000a6400000| Untracked |  0
| 539|0x00000000a6500000, 0x00000000a6500000, 0x00000000a6600000|  0%| F|  |TAMS 0x00000000a6500000| PB 0x00000000a6500000| Untracked |  0
| 540|0x00000000a6600000, 0x00000000a6600000, 0x00000000a6700000|  0%| F|  |TAMS 0x00000000a6600000| PB 0x00000000a6600000| Untracked |  0
| 541|0x00000000a6700000, 0x00000000a6700000, 0x00000000a6800000|  0%| F|  |TAMS 0x00000000a6700000| PB 0x00000000a6700000| Untracked |  0
| 542|0x00000000a6800000, 0x00000000a6800000, 0x00000000a6900000|  0%| F|  |TAMS 0x00000000a6800000| PB 0x00000000a6800000| Untracked |  0
| 543|0x00000000a6900000, 0x00000000a6900000, 0x00000000a6a00000|  0%| F|  |TAMS 0x00000000a6900000| PB 0x00000000a6900000| Untracked |  0
| 544|0x00000000a6a00000, 0x00000000a6a00000, 0x00000000a6b00000|  0%| F|  |TAMS 0x00000000a6a00000| PB 0x00000000a6a00000| Untracked |  0
| 545|0x00000000a6b00000, 0x00000000a6b00000, 0x00000000a6c00000|  0%| F|  |TAMS 0x00000000a6b00000| PB 0x00000000a6b00000| Untracked |  0
| 546|0x00000000a6c00000, 0x00000000a6c00000, 0x00000000a6d00000|  0%| F|  |TAMS 0x00000000a6c00000| PB 0x00000000a6c00000| Untracked |  0
| 547|0x00000000a6d00000, 0x00000000a6d00000, 0x00000000a6e00000|  0%| F|  |TAMS 0x00000000a6d00000| PB 0x00000000a6d00000| Untracked |  0
| 548|0x00000000a6e00000, 0x00000000a6e00000, 0x00000000a6f00000|  0%| F|  |TAMS 0x00000000a6e00000| PB 0x00000000a6e00000| Untracked |  0
| 549|0x00000000a6f00000, 0x00000000a6f00000, 0x00000000a7000000|  0%| F|  |TAMS 0x00000000a6f00000| PB 0x00000000a6f00000| Untracked |  0
| 550|0x00000000a7000000, 0x00000000a7000000, 0x00000000a7100000|  0%| F|  |TAMS 0x00000000a7000000| PB 0x00000000a7000000| Untracked |  0
| 551|0x00000000a7100000, 0x00000000a7100000, 0x00000000a7200000|  0%| F|  |TAMS 0x00000000a7100000| PB 0x00000000a7100000| Untracked |  0
| 552|0x00000000a7200000, 0x00000000a7200000, 0x00000000a7300000|  0%| F|  |TAMS 0x00000000a7200000| PB 0x00000000a7200000| Untracked |  0
| 553|0x00000000a7300000, 0x00000000a7300000, 0x00000000a7400000|  0%| F|  |TAMS 0x00000000a7300000| PB 0x00000000a7300000| Untracked |  0
| 554|0x00000000a7400000, 0x00000000a7400000, 0x00000000a7500000|  0%| F|  |TAMS 0x00000000a7400000| PB 0x00000000a7400000| Untracked |  0
| 555|0x00000000a7500000, 0x00000000a7500000, 0x00000000a7600000|  0%| F|  |TAMS 0x00000000a7500000| PB 0x00000000a7500000| Untracked |  0
| 556|0x00000000a7600000, 0x00000000a7600000, 0x00000000a7700000|  0%| F|  |TAMS 0x00000000a7600000| PB 0x00000000a7600000| Untracked |  0
| 557|0x00000000a7700000, 0x00000000a7700000, 0x00000000a7800000|  0%| F|  |TAMS 0x00000000a7700000| PB 0x00000000a7700000| Untracked |  0
| 558|0x00000000a7800000, 0x00000000a7800000, 0x00000000a7900000|  0%| F|  |TAMS 0x00000000a7800000| PB 0x00000000a7800000| Untracked |  0
| 559|0x00000000a7900000, 0x00000000a7900000, 0x00000000a7a00000|  0%| F|  |TAMS 0x00000000a7900000| PB 0x00000000a7900000| Untracked |  0
| 560|0x00000000a7a00000, 0x00000000a7a00000, 0x00000000a7b00000|  0%| F|  |TAMS 0x00000000a7a00000| PB 0x00000000a7a00000| Untracked |  0
| 561|0x00000000a7b00000, 0x00000000a7b00000, 0x00000000a7c00000|  0%| F|  |TAMS 0x00000000a7b00000| PB 0x00000000a7b00000| Untracked |  0
| 562|0x00000000a7c00000, 0x00000000a7c00000, 0x00000000a7d00000|  0%| F|  |TAMS 0x00000000a7c00000| PB 0x00000000a7c00000| Untracked |  0
| 563|0x00000000a7d00000, 0x00000000a7d00000, 0x00000000a7e00000|  0%| F|  |TAMS 0x00000000a7d00000| PB 0x00000000a7d00000| Untracked |  0
| 564|0x00000000a7e00000, 0x00000000a7e00000, 0x00000000a7f00000|  0%| F|  |TAMS 0x00000000a7e00000| PB 0x00000000a7e00000| Untracked |  0
| 565|0x00000000a7f00000, 0x00000000a7f00000, 0x00000000a8000000|  0%| F|  |TAMS 0x00000000a7f00000| PB 0x00000000a7f00000| Untracked |  0
| 566|0x00000000a8000000, 0x00000000a8000000, 0x00000000a8100000|  0%| F|  |TAMS 0x00000000a8000000| PB 0x00000000a8000000| Untracked |  0
| 567|0x00000000a8100000, 0x00000000a8100000, 0x00000000a8200000|  0%| F|  |TAMS 0x00000000a8100000| PB 0x00000000a8100000| Untracked |  0
| 568|0x00000000a8200000, 0x00000000a8200000, 0x00000000a8300000|  0%| F|  |TAMS 0x00000000a8200000| PB 0x00000000a8200000| Untracked |  0
| 569|0x00000000a8300000, 0x00000000a8300000, 0x00000000a8400000|  0%| F|  |TAMS 0x00000000a8300000| PB 0x00000000a8300000| Untracked |  0
| 570|0x00000000a8400000, 0x00000000a8400000, 0x00000000a8500000|  0%| F|  |TAMS 0x00000000a8400000| PB 0x00000000a8400000| Untracked |  0
| 571|0x00000000a8500000, 0x00000000a8500000, 0x00000000a8600000|  0%| F|  |TAMS 0x00000000a8500000| PB 0x00000000a8500000| Untracked |  0
| 572|0x00000000a8600000, 0x00000000a8600000, 0x00000000a8700000|  0%| F|  |TAMS 0x00000000a8600000| PB 0x00000000a8600000| Untracked |  0
| 573|0x00000000a8700000, 0x00000000a8700000, 0x00000000a8800000|  0%| F|  |TAMS 0x00000000a8700000| PB 0x00000000a8700000| Untracked |  0
| 574|0x00000000a8800000, 0x00000000a8800000, 0x00000000a8900000|  0%| F|  |TAMS 0x00000000a8800000| PB 0x00000000a8800000| Untracked |  0
| 575|0x00000000a8900000, 0x00000000a8900000, 0x00000000a8a00000|  0%| F|  |TAMS 0x00000000a8900000| PB 0x00000000a8900000| Untracked |  0
| 576|0x00000000a8a00000, 0x00000000a8a00000, 0x00000000a8b00000|  0%| F|  |TAMS 0x00000000a8a00000| PB 0x00000000a8a00000| Untracked |  0
| 577|0x00000000a8b00000, 0x00000000a8b00000, 0x00000000a8c00000|  0%| F|  |TAMS 0x00000000a8b00000| PB 0x00000000a8b00000| Untracked |  0
| 578|0x00000000a8c00000, 0x00000000a8c00000, 0x00000000a8d00000|  0%| F|  |TAMS 0x00000000a8c00000| PB 0x00000000a8c00000| Untracked |  0
| 579|0x00000000a8d00000, 0x00000000a8d00000, 0x00000000a8e00000|  0%| F|  |TAMS 0x00000000a8d00000| PB 0x00000000a8d00000| Untracked |  0
| 580|0x00000000a8e00000, 0x00000000a8e00000, 0x00000000a8f00000|  0%| F|  |TAMS 0x00000000a8e00000| PB 0x00000000a8e00000| Untracked |  0
| 581|0x00000000a8f00000, 0x00000000a8f00000, 0x00000000a9000000|  0%| F|  |TAMS 0x00000000a8f00000| PB 0x00000000a8f00000| Untracked |  0
| 582|0x00000000a9000000, 0x00000000a9000000, 0x00000000a9100000|  0%| F|  |TAMS 0x00000000a9000000| PB 0x00000000a9000000| Untracked |  0
| 583|0x00000000a9100000, 0x00000000a9100000, 0x00000000a9200000|  0%| F|  |TAMS 0x00000000a9100000| PB 0x00000000a9100000| Untracked |  0
| 584|0x00000000a9200000, 0x00000000a9200000, 0x00000000a9300000|  0%| F|  |TAMS 0x00000000a9200000| PB 0x00000000a9200000| Untracked |  0
| 585|0x00000000a9300000, 0x00000000a9300000, 0x00000000a9400000|  0%| F|  |TAMS 0x00000000a9300000| PB 0x00000000a9300000| Untracked |  0
| 586|0x00000000a9400000, 0x00000000a9400000, 0x00000000a9500000|  0%| F|  |TAMS 0x00000000a9400000| PB 0x00000000a9400000| Untracked |  0
| 587|0x00000000a9500000, 0x00000000a9500000, 0x00000000a9600000|  0%| F|  |TAMS 0x00000000a9500000| PB 0x00000000a9500000| Untracked |  0
| 588|0x00000000a9600000, 0x00000000a9600000, 0x00000000a9700000|  0%| F|  |TAMS 0x00000000a9600000| PB 0x00000000a9600000| Untracked |  0
| 589|0x00000000a9700000, 0x00000000a9700000, 0x00000000a9800000|  0%| F|  |TAMS 0x00000000a9700000| PB 0x00000000a9700000| Untracked |  0
| 590|0x00000000a9800000, 0x00000000a9800000, 0x00000000a9900000|  0%| F|  |TAMS 0x00000000a9800000| PB 0x00000000a9800000| Untracked |  0
| 591|0x00000000a9900000, 0x00000000a9900000, 0x00000000a9a00000|  0%| F|  |TAMS 0x00000000a9900000| PB 0x00000000a9900000| Untracked |  0
| 592|0x00000000a9a00000, 0x00000000a9a00000, 0x00000000a9b00000|  0%| F|  |TAMS 0x00000000a9a00000| PB 0x00000000a9a00000| Untracked |  0
| 593|0x00000000a9b00000, 0x00000000a9b00000, 0x00000000a9c00000|  0%| F|  |TAMS 0x00000000a9b00000| PB 0x00000000a9b00000| Untracked |  0
| 594|0x00000000a9c00000, 0x00000000a9c00000, 0x00000000a9d00000|  0%| F|  |TAMS 0x00000000a9c00000| PB 0x00000000a9c00000| Untracked |  0
| 595|0x00000000a9d00000, 0x00000000a9d00000, 0x00000000a9e00000|  0%| F|  |TAMS 0x00000000a9d00000| PB 0x00000000a9d00000| Untracked |  0
| 596|0x00000000a9e00000, 0x00000000a9e00000, 0x00000000a9f00000|  0%| F|  |TAMS 0x00000000a9e00000| PB 0x00000000a9e00000| Untracked |  0
| 597|0x00000000a9f00000, 0x00000000a9f00000, 0x00000000aa000000|  0%| F|  |TAMS 0x00000000a9f00000| PB 0x00000000a9f00000| Untracked |  0
| 598|0x00000000aa000000, 0x00000000aa000000, 0x00000000aa100000|  0%| F|  |TAMS 0x00000000aa000000| PB 0x00000000aa000000| Untracked |  0
| 599|0x00000000aa100000, 0x00000000aa100000, 0x00000000aa200000|  0%| F|  |TAMS 0x00000000aa100000| PB 0x00000000aa100000| Untracked |  0
| 600|0x00000000aa200000, 0x00000000aa200000, 0x00000000aa300000|  0%| F|  |TAMS 0x00000000aa200000| PB 0x00000000aa200000| Untracked |  0
| 601|0x00000000aa300000, 0x00000000aa300000, 0x00000000aa400000|  0%| F|  |TAMS 0x00000000aa300000| PB 0x00000000aa300000| Untracked |  0
| 602|0x00000000aa400000, 0x00000000aa400000, 0x00000000aa500000|  0%| F|  |TAMS 0x00000000aa400000| PB 0x00000000aa400000| Untracked |  0
| 603|0x00000000aa500000, 0x00000000aa500000, 0x00000000aa600000|  0%| F|  |TAMS 0x00000000aa500000| PB 0x00000000aa500000| Untracked |  0
| 604|0x00000000aa600000, 0x00000000aa600000, 0x00000000aa700000|  0%| F|  |TAMS 0x00000000aa600000| PB 0x00000000aa600000| Untracked |  0
| 605|0x00000000aa700000, 0x00000000aa700000, 0x00000000aa800000|  0%| F|  |TAMS 0x00000000aa700000| PB 0x00000000aa700000| Untracked |  0
| 606|0x00000000aa800000, 0x00000000aa800000, 0x00000000aa900000|  0%| F|  |TAMS 0x00000000aa800000| PB 0x00000000aa800000| Untracked |  0
| 607|0x00000000aa900000, 0x00000000aa900000, 0x00000000aaa00000|  0%| F|  |TAMS 0x00000000aa900000| PB 0x00000000aa900000| Untracked |  0
| 608|0x00000000aaa00000, 0x00000000aaa00000, 0x00000000aab00000|  0%| F|  |TAMS 0x00000000aaa00000| PB 0x00000000aaa00000| Untracked |  0
| 609|0x00000000aab00000, 0x00000000aab00000, 0x00000000aac00000|  0%| F|  |TAMS 0x00000000aab00000| PB 0x00000000aab00000| Untracked |  0
| 610|0x00000000aac00000, 0x00000000aac00000, 0x00000000aad00000|  0%| F|  |TAMS 0x00000000aac00000| PB 0x00000000aac00000| Untracked |  0
| 611|0x00000000aad00000, 0x00000000aad00000, 0x00000000aae00000|  0%| F|  |TAMS 0x00000000aad00000| PB 0x00000000aad00000| Untracked |  0
| 612|0x00000000aae00000, 0x00000000aae00000, 0x00000000aaf00000|  0%| F|  |TAMS 0x00000000aae00000| PB 0x00000000aae00000| Untracked |  0
| 613|0x00000000aaf00000, 0x00000000aaf00000, 0x00000000ab000000|  0%| F|  |TAMS 0x00000000aaf00000| PB 0x00000000aaf00000| Untracked |  0
| 614|0x00000000ab000000, 0x00000000ab000000, 0x00000000ab100000|  0%| F|  |TAMS 0x00000000ab000000| PB 0x00000000ab000000| Untracked |  0
| 615|0x00000000ab100000, 0x00000000ab100000, 0x00000000ab200000|  0%| F|  |TAMS 0x00000000ab100000| PB 0x00000000ab100000| Untracked |  0
| 616|0x00000000ab200000, 0x00000000ab200000, 0x00000000ab300000|  0%| F|  |TAMS 0x00000000ab200000| PB 0x00000000ab200000| Untracked |  0
| 617|0x00000000ab300000, 0x00000000ab300000, 0x00000000ab400000|  0%| F|  |TAMS 0x00000000ab300000| PB 0x00000000ab300000| Untracked |  0
| 618|0x00000000ab400000, 0x00000000ab400000, 0x00000000ab500000|  0%| F|  |TAMS 0x00000000ab400000| PB 0x00000000ab400000| Untracked |  0
| 619|0x00000000ab500000, 0x00000000ab500000, 0x00000000ab600000|  0%| F|  |TAMS 0x00000000ab500000| PB 0x00000000ab500000| Untracked |  0
| 620|0x00000000ab600000, 0x00000000ab600000, 0x00000000ab700000|  0%| F|  |TAMS 0x00000000ab600000| PB 0x00000000ab600000| Untracked |  0
| 621|0x00000000ab700000, 0x00000000ab700000, 0x00000000ab800000|  0%| F|  |TAMS 0x00000000ab700000| PB 0x00000000ab700000| Untracked |  0
| 622|0x00000000ab800000, 0x00000000ab800000, 0x00000000ab900000|  0%| F|  |TAMS 0x00000000ab800000| PB 0x00000000ab800000| Untracked |  0
| 623|0x00000000ab900000, 0x00000000ab900000, 0x00000000aba00000|  0%| F|  |TAMS 0x00000000ab900000| PB 0x00000000ab900000| Untracked |  0
| 624|0x00000000aba00000, 0x00000000aba00000, 0x00000000abb00000|  0%| F|  |TAMS 0x00000000aba00000| PB 0x00000000aba00000| Untracked |  0
| 625|0x00000000abb00000, 0x00000000abb00000, 0x00000000abc00000|  0%| F|  |TAMS 0x00000000abb00000| PB 0x00000000abb00000| Untracked |  0
| 626|0x00000000abc00000, 0x00000000abc00000, 0x00000000abd00000|  0%| F|  |TAMS 0x00000000abc00000| PB 0x00000000abc00000| Untracked |  0
| 627|0x00000000abd00000, 0x00000000abd00000, 0x00000000abe00000|  0%| F|  |TAMS 0x00000000abd00000| PB 0x00000000abd00000| Untracked |  0
| 628|0x00000000abe00000, 0x00000000abe00000, 0x00000000abf00000|  0%| F|  |TAMS 0x00000000abe00000| PB 0x00000000abe00000| Untracked |  0
| 629|0x00000000abf00000, 0x00000000abf00000, 0x00000000ac000000|  0%| F|  |TAMS 0x00000000abf00000| PB 0x00000000abf00000| Untracked |  0
| 630|0x00000000ac000000, 0x00000000ac000000, 0x00000000ac100000|  0%| F|  |TAMS 0x00000000ac000000| PB 0x00000000ac000000| Untracked |  0
| 631|0x00000000ac100000, 0x00000000ac100000, 0x00000000ac200000|  0%| F|  |TAMS 0x00000000ac100000| PB 0x00000000ac100000| Untracked |  0
| 632|0x00000000ac200000, 0x00000000ac200000, 0x00000000ac300000|  0%| F|  |TAMS 0x00000000ac200000| PB 0x00000000ac200000| Untracked |  0
| 633|0x00000000ac300000, 0x00000000ac300000, 0x00000000ac400000|  0%| F|  |TAMS 0x00000000ac300000| PB 0x00000000ac300000| Untracked |  0
| 634|0x00000000ac400000, 0x00000000ac400000, 0x00000000ac500000|  0%| F|  |TAMS 0x00000000ac400000| PB 0x00000000ac400000| Untracked |  0
| 635|0x00000000ac500000, 0x00000000ac500000, 0x00000000ac600000|  0%| F|  |TAMS 0x00000000ac500000| PB 0x00000000ac500000| Untracked |  0
| 636|0x00000000ac600000, 0x00000000ac600000, 0x00000000ac700000|  0%| F|  |TAMS 0x00000000ac600000| PB 0x00000000ac600000| Untracked |  0
| 637|0x00000000ac700000, 0x00000000ac700000, 0x00000000ac800000|  0%| F|  |TAMS 0x00000000ac700000| PB 0x00000000ac700000| Untracked |  0
| 638|0x00000000ac800000, 0x00000000ac800000, 0x00000000ac900000|  0%| F|  |TAMS 0x00000000ac800000| PB 0x00000000ac800000| Untracked |  0
| 639|0x00000000ac900000, 0x00000000ac900000, 0x00000000aca00000|  0%| F|  |TAMS 0x00000000ac900000| PB 0x00000000ac900000| Untracked |  0
| 640|0x00000000aca00000, 0x00000000aca00000, 0x00000000acb00000|  0%| F|  |TAMS 0x00000000aca00000| PB 0x00000000aca00000| Untracked |  0
| 641|0x00000000acb00000, 0x00000000acb00000, 0x00000000acc00000|  0%| F|  |TAMS 0x00000000acb00000| PB 0x00000000acb00000| Untracked |  0
| 642|0x00000000acc00000, 0x00000000acc00000, 0x00000000acd00000|  0%| F|  |TAMS 0x00000000acc00000| PB 0x00000000acc00000| Untracked |  0
| 643|0x00000000acd00000, 0x00000000acd00000, 0x00000000ace00000|  0%| F|  |TAMS 0x00000000acd00000| PB 0x00000000acd00000| Untracked |  0
| 644|0x00000000ace00000, 0x00000000ace00000, 0x00000000acf00000|  0%| F|  |TAMS 0x00000000ace00000| PB 0x00000000ace00000| Untracked |  0
| 645|0x00000000acf00000, 0x00000000acf00000, 0x00000000ad000000|  0%| F|  |TAMS 0x00000000acf00000| PB 0x00000000acf00000| Untracked |  0
| 646|0x00000000ad000000, 0x00000000ad000000, 0x00000000ad100000|  0%| F|  |TAMS 0x00000000ad000000| PB 0x00000000ad000000| Untracked |  0
| 647|0x00000000ad100000, 0x00000000ad100000, 0x00000000ad200000|  0%| F|  |TAMS 0x00000000ad100000| PB 0x00000000ad100000| Untracked |  0
| 648|0x00000000ad200000, 0x00000000ad200000, 0x00000000ad300000|  0%| F|  |TAMS 0x00000000ad200000| PB 0x00000000ad200000| Untracked |  0
| 649|0x00000000ad300000, 0x00000000ad300000, 0x00000000ad400000|  0%| F|  |TAMS 0x00000000ad300000| PB 0x00000000ad300000| Untracked |  0
| 650|0x00000000ad400000, 0x00000000ad400000, 0x00000000ad500000|  0%| F|  |TAMS 0x00000000ad400000| PB 0x00000000ad400000| Untracked |  0
| 651|0x00000000ad500000, 0x00000000ad500000, 0x00000000ad600000|  0%| F|  |TAMS 0x00000000ad500000| PB 0x00000000ad500000| Untracked |  0
| 652|0x00000000ad600000, 0x00000000ad600000, 0x00000000ad700000|  0%| F|  |TAMS 0x00000000ad600000| PB 0x00000000ad600000| Untracked |  0
| 653|0x00000000ad700000, 0x00000000ad700000, 0x00000000ad800000|  0%| F|  |TAMS 0x00000000ad700000| PB 0x00000000ad700000| Untracked |  0
| 654|0x00000000ad800000, 0x00000000ad800000, 0x00000000ad900000|  0%| F|  |TAMS 0x00000000ad800000| PB 0x00000000ad800000| Untracked |  0
| 655|0x00000000ad900000, 0x00000000ad900000, 0x00000000ada00000|  0%| F|  |TAMS 0x00000000ad900000| PB 0x00000000ad900000| Untracked |  0
| 656|0x00000000ada00000, 0x00000000ada00000, 0x00000000adb00000|  0%| F|  |TAMS 0x00000000ada00000| PB 0x00000000ada00000| Untracked |  0
| 657|0x00000000adb00000, 0x00000000adb00000, 0x00000000adc00000|  0%| F|  |TAMS 0x00000000adb00000| PB 0x00000000adb00000| Untracked |  0
| 658|0x00000000adc00000, 0x00000000adc00000, 0x00000000add00000|  0%| F|  |TAMS 0x00000000adc00000| PB 0x00000000adc00000| Untracked |  0
| 659|0x00000000add00000, 0x00000000add00000, 0x00000000ade00000|  0%| F|  |TAMS 0x00000000add00000| PB 0x00000000add00000| Untracked |  0
| 660|0x00000000ade00000, 0x00000000ade00000, 0x00000000adf00000|  0%| F|  |TAMS 0x00000000ade00000| PB 0x00000000ade00000| Untracked |  0
| 661|0x00000000adf00000, 0x00000000adf00000, 0x00000000ae000000|  0%| F|  |TAMS 0x00000000adf00000| PB 0x00000000adf00000| Untracked |  0
| 662|0x00000000ae000000, 0x00000000ae000000, 0x00000000ae100000|  0%| F|  |TAMS 0x00000000ae000000| PB 0x00000000ae000000| Untracked |  0
| 663|0x00000000ae100000, 0x00000000ae100000, 0x00000000ae200000|  0%| F|  |TAMS 0x00000000ae100000| PB 0x00000000ae100000| Untracked |  0
| 664|0x00000000ae200000, 0x00000000ae200000, 0x00000000ae300000|  0%| F|  |TAMS 0x00000000ae200000| PB 0x00000000ae200000| Untracked |  0
| 665|0x00000000ae300000, 0x00000000ae300000, 0x00000000ae400000|  0%| F|  |TAMS 0x00000000ae300000| PB 0x00000000ae300000| Untracked |  0
| 666|0x00000000ae400000, 0x00000000ae400000, 0x00000000ae500000|  0%| F|  |TAMS 0x00000000ae400000| PB 0x00000000ae400000| Untracked |  0
| 667|0x00000000ae500000, 0x00000000ae500000, 0x00000000ae600000|  0%| F|  |TAMS 0x00000000ae500000| PB 0x00000000ae500000| Untracked |  0
| 668|0x00000000ae600000, 0x00000000ae600000, 0x00000000ae700000|  0%| F|  |TAMS 0x00000000ae600000| PB 0x00000000ae600000| Untracked |  0
| 669|0x00000000ae700000, 0x00000000ae700000, 0x00000000ae800000|  0%| F|  |TAMS 0x00000000ae700000| PB 0x00000000ae700000| Untracked |  0
| 670|0x00000000ae800000, 0x00000000ae800000, 0x00000000ae900000|  0%| F|  |TAMS 0x00000000ae800000| PB 0x00000000ae800000| Untracked |  0
| 671|0x00000000ae900000, 0x00000000ae900000, 0x00000000aea00000|  0%| F|  |TAMS 0x00000000ae900000| PB 0x00000000ae900000| Untracked |  0
| 672|0x00000000aea00000, 0x00000000aea00000, 0x00000000aeb00000|  0%| F|  |TAMS 0x00000000aea00000| PB 0x00000000aea00000| Untracked |  0
| 673|0x00000000aeb00000, 0x00000000aeb00000, 0x00000000aec00000|  0%| F|  |TAMS 0x00000000aeb00000| PB 0x00000000aeb00000| Untracked |  0
| 674|0x00000000aec00000, 0x00000000aec00000, 0x00000000aed00000|  0%| F|  |TAMS 0x00000000aec00000| PB 0x00000000aec00000| Untracked |  0
| 675|0x00000000aed00000, 0x00000000aed00000, 0x00000000aee00000|  0%| F|  |TAMS 0x00000000aed00000| PB 0x00000000aed00000| Untracked |  0
| 676|0x00000000aee00000, 0x00000000aee00000, 0x00000000aef00000|  0%| F|  |TAMS 0x00000000aee00000| PB 0x00000000aee00000| Untracked |  0
|1925|0x00000000fcf00000, 0x00000000fcf00000, 0x00000000fd000000|  0%| F|  |TAMS 0x00000000fcf00000| PB 0x00000000fcf00000| Untracked |  0
|1926|0x00000000fd000000, 0x00000000fd000000, 0x00000000fd100000|  0%| F|  |TAMS 0x00000000fd000000| PB 0x00000000fd000000| Untracked |  0
|1927|0x00000000fd100000, 0x00000000fd100000, 0x00000000fd200000|  0%| F|  |TAMS 0x00000000fd100000| PB 0x00000000fd100000| Untracked |  0
|1928|0x00000000fd200000, 0x00000000fd200000, 0x00000000fd300000|  0%| F|  |TAMS 0x00000000fd200000| PB 0x00000000fd200000| Untracked |  0
|1929|0x00000000fd300000, 0x00000000fd300000, 0x00000000fd400000|  0%| F|  |TAMS 0x00000000fd300000| PB 0x00000000fd300000| Untracked |  0
|1930|0x00000000fd400000, 0x00000000fd400000, 0x00000000fd500000|  0%| F|  |TAMS 0x00000000fd400000| PB 0x00000000fd400000| Untracked |  0
|1931|0x00000000fd500000, 0x00000000fd500000, 0x00000000fd600000|  0%| F|  |TAMS 0x00000000fd500000| PB 0x00000000fd500000| Untracked |  0
|1932|0x00000000fd600000, 0x00000000fd600000, 0x00000000fd700000|  0%| F|  |TAMS 0x00000000fd600000| PB 0x00000000fd600000| Untracked |  0
|1933|0x00000000fd700000, 0x00000000fd700000, 0x00000000fd800000|  0%| F|  |TAMS 0x00000000fd700000| PB 0x00000000fd700000| Untracked |  0
|1934|0x00000000fd800000, 0x00000000fd800000, 0x00000000fd900000|  0%| F|  |TAMS 0x00000000fd800000| PB 0x00000000fd800000| Untracked |  0
|1972|0x00000000ffe00000, 0x00000000fff00000, 0x00000000fff00000|100%| O|  |TAMS 0x00000000ffe00000| PB 0x00000000ffe00000| Untracked |  0
|1973|0x00000000fff00000, 0x00000000fff00000, 0x0000000100000000|  0%| F|  |TAMS 0x00000000fff00000| PB 0x00000000fff00000| Untracked |  0

Card table byte_map: [0x00000145fd1e0000,0x00000145fd5c0000] _byte_map_base: 0x00000145fcdbb000

Marking Bits: (CMBitMap*) 0x00000145f1184360
 Bits: [0x00000145fd5c0000, 0x00000145ff498000)

Polling page: 0x00000145f08d0000

Metaspace:

Usage:
  Non-class:     78.83 MB used.
      Class:     10.75 MB used.
       Both:     89.58 MB used.

Virtual space:
  Non-class space:      128.00 MB reserved,      79.25 MB ( 62%) committed,  2 nodes.
      Class space:        1.00 GB reserved,      11.06 MB (  1%) committed,  1 nodes.
             Both:        1.12 GB reserved,      90.31 MB (  8%) committed. 

Chunk freelists:
   Non-Class:  456.00 KB
       Class:  4.94 MB
        Both:  5.39 MB

MaxMetaspaceSize: unlimited
CompressedClassSpaceSize: 1.00 GB
Initial GC threshold: 21.00 MB
Current GC threshold: 150.56 MB
CDS: on
 - commit_granule_bytes: 65536.
 - commit_granule_words: 8192.
 - virtual_space_node_default_size: 8388608.
 - enlarge_chunks_in_place: 1.
UseCompressedClassPointers 1, UseCompactObjectHeaders 0
Narrow klass pointer bits 32, Max shift 3
Narrow klass base: 0x0000014583000000, Narrow klass shift: 0
Encoding Range: [0x0000014583000000 - 0x0000014683000000), (4294967296 bytes)
Klass Range:    [0x0000014583000000 - 0x00000145c4000000), (1090519040 bytes)
Klass ID Range:  [8 - 1090519033) (1090519025)


Internal statistics:

num_allocs_failed_limit: 9.
num_arena_births: 1260.
num_arena_deaths: 366.
num_vsnodes_births: 3.
num_vsnodes_deaths: 0.
num_space_committed: 1445.
num_space_uncommitted: 0.
num_chunks_returned_to_freelist: 385.
num_chunks_taken_from_freelist: 4733.
num_chunk_merges: 91.
num_chunk_splits: 3296.
num_chunks_enlarged: 2673.
num_inconsistent_stats: 0.

CodeCache: size=49152Kb used=8757Kb max_used=14186Kb free=40394Kb
 bounds [0x00000145f99b0000, 0x00000145fa820000, 0x00000145fc9b0000]
 total_blobs=6041, nmethods=5258, adapters=708, full_count=0
Compilation: enabled, stopped_count=0, restarted_count=0

Compilation events (20 events):
Event: 10370.518 Thread 0x00000145ff8bad20 16396       1       org.springframework.core.annotation.TypeMappedAnnotations::<init> (43 bytes)
Event: 10370.637 Thread 0x00000145ff8bad20 nmethod 16396 0x00000145fa095208 code [0x00000145fa095320, 0x00000145fa095618]
Event: 10370.809 Thread 0x00000145ff8bad20 16397       1       org.springframework.orm.jpa.JpaTransactionManager::getDataSource (5 bytes)
Event: 10370.833 Thread 0x00000145ff8bad20 nmethod 16397 0x00000145fa35a588 code [0x00000145fa35a680, 0x00000145fa35a748]
Event: 10373.566 Thread 0x00000145ff8bad20 16398       1       org.hibernate.type.AbstractStandardBasicType::isEqual (42 bytes)
Event: 10373.574 Thread 0x00000145ff8bad20 nmethod 16398 0x00000145fa4dbd88 code [0x00000145fa4dbec0, 0x00000145fa4dc088]
Event: 10373.587 Thread 0x00000145ff8bad20 16399       1       io.jsonwebtoken.impl.io.Base64Codec::encode (705 bytes)
Event: 10373.625 Thread 0x00000145ff8bad20 nmethod 16399 0x00000145f9deec88 code [0x00000145f9deeea0, 0x00000145f9def9a0]
Event: 10373.625 Thread 0x00000145ff8bad20 16403       1       org.springframework.core.ResolvableType::<init> (41 bytes)
Event: 10373.653 Thread 0x00000145ff8bad20 nmethod 16403 0x00000145fa131108 code [0x00000145fa131240, 0x00000145fa131590]
Event: 10373.656 Thread 0x00000145ff8bad20 16401       1       org.hibernate.persister.collection.DeprecatedCollectionStuff::getRole (5 bytes)
Event: 10373.752 Thread 0x00000145ff8bad20 nmethod 16401 0x00000145fa35af88 code [0x00000145fa35b0a0, 0x00000145fa35b210]
Event: 10382.513 Thread 0x00000145ff8bad20 16406       1       com.fasterxml.jackson.databind.util.internal.PrivateMaxEntriesMap$Node::setNext (9 bytes)
Event: 10382.680 Thread 0x00000145ff8bad20 nmethod 16406 0x00000145fa35bc08 code [0x00000145fa35bd20, 0x00000145fa35be70]
Event: 10382.693 Thread 0x00000145ff8bad20 16407       1       com.fasterxml.jackson.databind.util.internal.PrivateMaxEntriesMap$Node::setPrevious (9 bytes)
Event: 10382.693 Thread 0x00000145ff8bad20 nmethod 16407 0x00000145fa363308 code [0x00000145fa363420, 0x00000145fa363570]
Event: 10382.693 Thread 0x00000145ff8bad20 16408       1       com.fasterxml.jackson.databind.util.internal.PrivateMaxEntriesMap$Node::setPrevious (6 bytes)
Event: 10382.693 Thread 0x00000145ff8bad20 nmethod 16408 0x00000145fa365308 code [0x00000145fa365420, 0x00000145fa365530]
Event: 10382.693 Thread 0x00000145ff8bad20 16409       1       com.fasterxml.jackson.databind.util.internal.PrivateMaxEntriesMap$Node::setNext (6 bytes)
Event: 10382.693 Thread 0x00000145ff8bad20 nmethod 16409 0x00000145fa36de88 code [0x00000145fa36dfa0, 0x00000145fa36e0b0]

GC Heap History (20 events):
Event: 10154.867 GC heap after
{Heap after GC invocations=97 (full 0):
 garbage-first heap   total reserved 2021376K, committed 743424K, used 235910K [0x0000000084a00000, 0x0000000100000000)
  region size 1024K, 2 young (2048K), 2 survivors (2048K)
 Metaspace       used 91756K, committed 92480K, reserved 1179648K
  class space    used 11016K, committed 11328K, reserved 1048576K
}
Event: 10229.870 GC heap before
{Heap before GC invocations=98 (full 0):
 garbage-first heap   total reserved 2021376K, committed 478208K, used 269702K [0x0000000084a00000, 0x0000000100000000)
  region size 1024K, 127 young (130048K), 2 survivors (2048K)
 Metaspace       used 91734K, committed 92480K, reserved 1179648K
  class space    used 11010K, committed 11328K, reserved 1048576K
}
Event: 10230.867 GC heap after
{Heap after GC invocations=99 (full 0):
 garbage-first heap   total reserved 2021376K, committed 478208K, used 174005K [0x0000000084a00000, 0x0000000100000000)
  region size 1024K, 16 young (16384K), 16 survivors (16384K)
 Metaspace       used 91734K, committed 92480K, reserved 1179648K
  class space    used 11010K, committed 11328K, reserved 1048576K
}
Event: 10230.980 GC heap before
{Heap before GC invocations=99 (full 0):
 garbage-first heap   total reserved 2021376K, committed 478208K, used 181173K [0x0000000084a00000, 0x0000000100000000)
  region size 1024K, 23 young (23552K), 16 survivors (16384K)
 Metaspace       used 91734K, committed 92480K, reserved 1179648K
  class space    used 11010K, committed 11328K, reserved 1048576K
}
Event: 10231.374 GC heap after
{Heap after GC invocations=100 (full 0):
 garbage-first heap   total reserved 2021376K, committed 478208K, used 181392K [0x0000000084a00000, 0x0000000100000000)
  region size 1024K, 3 young (3072K), 3 survivors (3072K)
 Metaspace       used 91734K, committed 92480K, reserved 1179648K
  class space    used 11010K, committed 11328K, reserved 1048576K
}
Event: 10231.656 GC heap before
{Heap before GC invocations=100 (full 0):
 garbage-first heap   total reserved 2021376K, committed 478208K, used 201872K [0x0000000084a00000, 0x0000000100000000)
  region size 1024K, 23 young (23552K), 3 survivors (3072K)
 Metaspace       used 91734K, committed 92480K, reserved 1179648K
  class space    used 11010K, committed 11328K, reserved 1048576K
}
Event: 10232.066 GC heap after
{Heap after GC invocations=101 (full 0):
 garbage-first heap   total reserved 2021376K, committed 478208K, used 203509K [0x0000000084a00000, 0x0000000100000000)
  region size 1024K, 3 young (3072K), 3 survivors (3072K)
 Metaspace       used 91734K, committed 92480K, reserved 1179648K
  class space    used 11010K, committed 11328K, reserved 1048576K
}
Event: 10232.204 GC heap before
{Heap before GC invocations=101 (full 0):
 garbage-first heap   total reserved 2021376K, committed 478208K, used 223989K [0x0000000084a00000, 0x0000000100000000)
  region size 1024K, 23 young (23552K), 3 survivors (3072K)
 Metaspace       used 91734K, committed 92480K, reserved 1179648K
  class space    used 11010K, committed 11328K, reserved 1048576K
}
Event: 10232.247 GC heap after
{Heap after GC invocations=102 (full 0):
 garbage-first heap   total reserved 2021376K, committed 478208K, used 225439K [0x0000000084a00000, 0x0000000100000000)
  region size 1024K, 3 young (3072K), 3 survivors (3072K)
 Metaspace       used 91734K, committed 92480K, reserved 1179648K
  class space    used 11010K, committed 11328K, reserved 1048576K
}
Event: 10265.786 GC heap before
{Heap before GC invocations=102 (full 0):
 garbage-first heap   total reserved 2021376K, committed 478208K, used 245919K [0x0000000084a00000, 0x0000000100000000)
  region size 1024K, 23 young (23552K), 3 survivors (3072K)
 Metaspace       used 91734K, committed 92480K, reserved 1179648K
  class space    used 11010K, committed 11328K, reserved 1048576K
}
Event: 10265.806 GC heap after
{Heap after GC invocations=103 (full 0):
 garbage-first heap   total reserved 2021376K, committed 478208K, used 235698K [0x0000000084a00000, 0x0000000100000000)
  region size 1024K, 3 young (3072K), 3 survivors (3072K)
 Metaspace       used 91734K, committed 92480K, reserved 1179648K
  class space    used 11010K, committed 11328K, reserved 1048576K
}
Event: 10342.915 GC heap before
{Heap before GC invocations=103 (full 0):
 garbage-first heap   total reserved 2021376K, committed 478208K, used 261298K [0x0000000084a00000, 0x0000000100000000)
  region size 1024K, 28 young (28672K), 3 survivors (3072K)
 Metaspace       used 91734K, committed 92480K, reserved 1179648K
  class space    used 11010K, committed 11328K, reserved 1048576K
}
Event: 10342.922 GC heap after
{Heap after GC invocations=104 (full 0):
 garbage-first heap   total reserved 2021376K, committed 478208K, used 236218K [0x0000000084a00000, 0x0000000100000000)
  region size 1024K, 1 young (1024K), 1 survivors (1024K)
 Metaspace       used 91734K, committed 92480K, reserved 1179648K
  class space    used 11010K, committed 11328K, reserved 1048576K
}
Event: 10371.648 GC heap before
{Heap before GC invocations=104 (full 0):
 garbage-first heap   total reserved 2021376K, committed 478208K, used 258746K [0x0000000084a00000, 0x0000000100000000)
  region size 1024K, 23 young (23552K), 1 survivors (1024K)
 Metaspace       used 91734K, committed 92480K, reserved 1179648K
  class space    used 11010K, committed 11328K, reserved 1048576K
}
Event: 10371.832 GC heap after
{Heap after GC invocations=105 (full 0):
 garbage-first heap   total reserved 2021376K, committed 478208K, used 249643K [0x0000000084a00000, 0x0000000100000000)
  region size 1024K, 3 young (3072K), 3 survivors (3072K)
 Metaspace       used 91734K, committed 92480K, reserved 1179648K
  class space    used 11010K, committed 11328K, reserved 1048576K
}
Event: 10371.995 GC heap before
{Heap before GC invocations=105 (full 0):
 garbage-first heap   total reserved 2021376K, committed 478208K, used 280363K [0x0000000084a00000, 0x0000000100000000)
  region size 1024K, 33 young (33792K), 3 survivors (3072K)
 Metaspace       used 91734K, committed 92480K, reserved 1179648K
  class space    used 11010K, committed 11328K, reserved 1048576K
}
Event: 10372.162 GC heap after
{Heap after GC invocations=106 (full 0):
 garbage-first heap   total reserved 2021376K, committed 478208K, used 281314K [0x0000000084a00000, 0x0000000100000000)
  region size 1024K, 5 young (5120K), 5 survivors (5120K)
 Metaspace       used 91734K, committed 92480K, reserved 1179648K
  class space    used 11010K, committed 11328K, reserved 1048576K
}
Event: 10373.213 GC heap before
{Heap before GC invocations=107 (full 0):
 garbage-first heap   total reserved 2021376K, committed 478208K, used 170331K [0x0000000084a00000, 0x0000000100000000)
  region size 1024K, 30 young (30720K), 5 survivors (5120K)
 Metaspace       used 91734K, committed 92480K, reserved 1179648K
  class space    used 11010K, committed 11328K, reserved 1048576K
}
Event: 10373.233 GC heap after
{Heap after GC invocations=108 (full 0):
 garbage-first heap   total reserved 2021376K, committed 478208K, used 171983K [0x0000000084a00000, 0x0000000100000000)
  region size 1024K, 4 young (4096K), 4 survivors (4096K)
 Metaspace       used 91734K, committed 92480K, reserved 1179648K
  class space    used 11010K, committed 11328K, reserved 1048576K
}
Event: 10383.986 GC heap before
{Heap before GC invocations=108 (full 0):
 garbage-first heap   total reserved 2021376K, committed 478208K, used 241615K [0x0000000084a00000, 0x0000000100000000)
  region size 1024K, 73 young (74752K), 4 survivors (4096K)
 Metaspace       used 91734K, committed 92480K, reserved 1179648K
  class space    used 11010K, committed 11328K, reserved 1048576K
}

Dll operation events (10 events):
Event: 0.006 Loaded shared library C:\Program Files\Java\jdk-24\bin\java.dll
Event: 0.070 Loaded shared library C:\Program Files\Java\jdk-24\bin\zip.dll
Event: 0.072 Loaded shared library C:\Program Files\Java\jdk-24\bin\net.dll
Event: 0.073 Loaded shared library C:\Program Files\Java\jdk-24\bin\nio.dll
Event: 0.154 Loaded shared library C:\Program Files\Java\jdk-24\bin\jimage.dll
Event: 0.318 Loaded shared library C:\Program Files\Java\jdk-24\bin\management.dll
Event: 0.322 Loaded shared library C:\Program Files\Java\jdk-24\bin\management_ext.dll
Event: 1.155 Loaded shared library C:\Program Files\Java\jdk-24\bin\sunmscapi.dll
Event: 2.608 Loaded shared library C:\Program Files\Java\jdk-24\bin\extnet.dll
Event: 3.142 Loaded shared library C:\Program Files\Java\jdk-24\bin\verify.dll

Deoptimization events (18 events):
Event: 1.804 Thread 0x0000014582f7bef0 DEOPT PACKING pc=0x00000145f9dc5dac sp=0x00000012856fbf80
Event: 1.804 Thread 0x0000014582f7bef0 DEOPT UNPACKING pc=0x00000145f9a06642 sp=0x00000012856fb478 mode 0
Event: 2.725 Thread 0x00000145c950c020 DEOPT PACKING pc=0x00000145f9e5fb31 sp=0x00000012864fedf0
Event: 2.725 Thread 0x00000145c950c020 DEOPT UNPACKING pc=0x00000145f9a06642 sp=0x00000012864fe248 mode 3
Event: 2.726 Thread 0x0000014582f7bef0 DEOPT PACKING pc=0x00000145f9e61096 sp=0x00000012856f9a50
Event: 2.726 Thread 0x0000014582f7bef0 DEOPT UNPACKING pc=0x00000145f9a06642 sp=0x00000012856f8ee0 mode 3
Event: 4.746 Thread 0x0000014582f7bef0 DEOPT PACKING pc=0x00000145fa56b19c sp=0x00000012856f79b0
Event: 4.746 Thread 0x0000014582f7bef0 DEOPT UNPACKING pc=0x00000145f9a06642 sp=0x00000012856f6f28 mode 0
Event: 4.746 Thread 0x0000014582f7bef0 DEOPT PACKING pc=0x00000145fa56b3bc sp=0x00000012856f8310
Event: 4.746 Thread 0x0000014582f7bef0 DEOPT UNPACKING pc=0x00000145f9a06642 sp=0x00000012856f7888 mode 0
Event: 4.746 Thread 0x0000014582f7bef0 DEOPT PACKING pc=0x00000145fa56b3bc sp=0x00000012856f8c70
Event: 4.746 Thread 0x0000014582f7bef0 DEOPT UNPACKING pc=0x00000145f9a06642 sp=0x00000012856f81e8 mode 0
Event: 4.746 Thread 0x0000014582f7bef0 DEOPT PACKING pc=0x00000145fa56b3bc sp=0x00000012856f95d0
Event: 4.746 Thread 0x0000014582f7bef0 DEOPT UNPACKING pc=0x00000145f9a06642 sp=0x00000012856f8b48 mode 0
Event: 4132.968 Thread 0x00000145ca3599a0 DEOPT PACKING pc=0x00000145f9ac2b41 sp=0x0000001286cf97f0
Event: 4132.968 Thread 0x00000145ca3599a0 DEOPT UNPACKING pc=0x00000145f9a06642 sp=0x0000001286cf8bf0 mode 3
Event: 4807.152 Thread 0x00000145ca3599a0 DEOPT PACKING pc=0x00000145f9d315ec sp=0x0000001286cf9300
Event: 4807.152 Thread 0x00000145ca3599a0 DEOPT UNPACKING pc=0x00000145f9a06642 sp=0x0000001286cf87b0 mode 0

Classes loaded (20 events):
Event: 4139.711 Loading class sun/security/ssl/Alert$Level
Event: 4139.711 Loading class sun/security/ssl/Alert$Level done
Event: 4162.077 Loading class sun/security/ssl/PreSharedKeyExtension$PskIdentity
Event: 4162.078 Loading class sun/security/ssl/PreSharedKeyExtension$PskIdentity done
Event: 4162.078 Loading class sun/security/ssl/PreSharedKeyExtension$CHPreSharedKeySpec
Event: 4162.079 Loading class sun/security/ssl/PreSharedKeyExtension$CHPreSharedKeySpec done
Event: 4162.079 Loading class sun/security/ssl/PreSharedKeyExtension$PartialClientHelloMessage
Event: 4162.079 Loading class sun/security/ssl/PreSharedKeyExtension$PartialClientHelloMessage done
Event: 4162.079 Loading class sun/security/ssl/SSLEngineOutputRecord
Event: 4162.080 Loading class sun/security/ssl/SSLEngineOutputRecord done
Event: 4162.080 Loading class sun/security/ssl/SSLEngineOutputRecord$HandshakeFragment
Event: 4162.080 Loading class sun/security/ssl/SSLEngineOutputRecord$HandshakeFragment done
Event: 4162.080 Loading class sun/security/ssl/SSLEngineOutputRecord$HandshakeMemo
Event: 4162.080 Loading class sun/security/ssl/SSLEngineOutputRecord$RecordMemo
Event: 4162.080 Loading class sun/security/ssl/SSLEngineOutputRecord$RecordMemo done
Event: 4162.080 Loading class sun/security/ssl/SSLEngineOutputRecord$HandshakeMemo done
Event: 4162.132 Loading class sun/security/ssl/PreSharedKeyExtension$SHPreSharedKeySpec
Event: 4162.133 Loading class sun/security/ssl/PreSharedKeyExtension$SHPreSharedKeySpec done
Event: 4807.102 Loading class java/util/function/LongSupplier
Event: 4807.105 Loading class java/util/function/LongSupplier done

Classes unloaded (20 events):
Event: 5690.206 Thread 0x00000145ff897b60 Unloading class 0x0000014584a98c00 'java/lang/invoke/LambdaForm$BMH+0x0000014584a98c00'
Event: 5690.206 Thread 0x00000145ff897b60 Unloading class 0x0000014584a98400 'java/lang/invoke/LambdaForm$MH+0x0000014584a98400'
Event: 5690.207 Thread 0x00000145ff897b60 Unloading class 0x0000014584a91800 'java/lang/invoke/LambdaForm$MH+0x0000014584a91800'
Event: 5690.207 Thread 0x00000145ff897b60 Unloading class 0x0000014584a91400 'java/lang/invoke/LambdaForm$MH+0x0000014584a91400'
Event: 5690.207 Thread 0x00000145ff897b60 Unloading class 0x0000014584a91000 'java/lang/invoke/LambdaForm$MH+0x0000014584a91000'
Event: 5690.208 Thread 0x00000145ff897b60 Unloading class 0x0000014584a90c00 'java/lang/invoke/LambdaForm$MH+0x0000014584a90c00'
Event: 5690.208 Thread 0x00000145ff897b60 Unloading class 0x0000014584a90800 'java/lang/invoke/LambdaForm$BMH+0x0000014584a90800'
Event: 10155.463 Thread 0x00000145ff897b60 Unloading class 0x0000014584a90c00 'java/lang/invoke/LambdaForm$MH+0x0000014584a90c00'
Event: 10155.465 Thread 0x00000145ff897b60 Unloading class 0x0000014584a90800 'java/lang/invoke/LambdaForm$MH+0x0000014584a90800'
Event: 10155.465 Thread 0x00000145ff897b60 Unloading class 0x0000014584a99000 'java/lang/invoke/LambdaForm$MH+0x0000014584a99000'
Event: 10155.466 Thread 0x00000145ff897b60 Unloading class 0x0000014584b10c00 'java/lang/invoke/LambdaForm$MH+0x0000014584b10c00'
Event: 10155.466 Thread 0x00000145ff897b60 Unloading class 0x0000014584b10400 'java/lang/invoke/LambdaForm$MH+0x0000014584b10400'
Event: 10155.466 Thread 0x00000145ff897b60 Unloading class 0x0000014584b10000 'java/lang/invoke/LambdaForm$MH+0x0000014584b10000'
Event: 10155.467 Thread 0x00000145ff897b60 Unloading class 0x0000014584b02800 'java/lang/invoke/LambdaForm$MH+0x0000014584b02800'
Event: 10155.467 Thread 0x00000145ff897b60 Unloading class 0x0000014584b01c00 'java/lang/invoke/LambdaForm$MH+0x0000014584b01c00'
Event: 10155.469 Thread 0x00000145ff897b60 Unloading class 0x0000014584b01400 'java/lang/invoke/LambdaForm$MH+0x0000014584b01400'
Event: 10155.469 Thread 0x00000145ff897b60 Unloading class 0x0000014584b01000 'java/lang/invoke/LambdaForm$MH+0x0000014584b01000'
Event: 10155.470 Thread 0x00000145ff897b60 Unloading class 0x0000014584b00000 'java/lang/invoke/LambdaForm$MH+0x0000014584b00000'
Event: 10155.470 Thread 0x00000145ff897b60 Unloading class 0x0000014584a9a000 'java/lang/invoke/LambdaForm$MH+0x0000014584a9a000'
Event: 10155.470 Thread 0x00000145ff897b60 Unloading class 0x0000014584a99800 'java/lang/invoke/LambdaForm$MH+0x0000014584a99800'

Classes redefined (0 events):
No events

Internal exceptions (20 events):
Event: 4125.757 Thread 0x00000145ca3599a0 Exception <a 'java/io/IOException'{0x000000008d5a6100}> (0x000000008d5a6100) 
thrown [s\open\src\hotspot\share\prims\jni.cpp, line 518]
Event: 4125.757 Thread 0x00000145ca3599a0 Exception <a 'java/lang/NullPointerException'{0x000000008d5aaae0}> (0x000000008d5aaae0) 
thrown [s\open\src\hotspot\share\interpreter\linkResolver.cpp, line 1417]
Event: 4125.758 Thread 0x00000145ca3599a0 Exception <a 'java/lang/NullPointerException'{0x000000008d5ab600}> (0x000000008d5ab600) 
thrown [s\open\src\hotspot\share\interpreter\linkResolver.cpp, line 1417]
Event: 4125.758 Thread 0x00000145ca3599a0 Exception <a 'java/lang/NullPointerException'{0x000000008d5ac120}> (0x000000008d5ac120) 
thrown [s\open\src\hotspot\share\interpreter\linkResolver.cpp, line 1417]
Event: 4125.762 Thread 0x00000145ca3599a0 Exception <a 'java/lang/NullPointerException'{0x000000008d5cd360}> (0x000000008d5cd360) 
thrown [s\open\src\hotspot\share\interpreter\linkResolver.cpp, line 1417]
Event: 4125.762 Thread 0x00000145ca3599a0 Exception <a 'java/lang/NullPointerException'{0x000000008d5cde80}> (0x000000008d5cde80) 
thrown [s\open\src\hotspot\share\interpreter\linkResolver.cpp, line 1417]
Event: 4125.762 Thread 0x00000145ca3599a0 Exception <a 'java/lang/NullPointerException'{0x000000008d5ce9a0}> (0x000000008d5ce9a0) 
thrown [s\open\src\hotspot\share\interpreter\linkResolver.cpp, line 1417]
Event: 4125.764 Thread 0x00000145ca3599a0 Exception <a 'java/io/FileNotFoundException'{0x000000008d5d87a8}> (0x000000008d5d87a8) 
thrown [s\open\src\hotspot\share\prims\jni.cpp, line 518]
Event: 4132.127 Thread 0x00000145ca3599a0 Exception <a 'java/lang/NoSuchMethodError'{0x000000008c7dc788}: 'java.lang.Object java.lang.invoke.Invokers$Holder.invoke_MT(java.lang.Object, java.lang.Object, java.lang.Object, java.lang.Object, java.lang.Object, java.lang.Object)'> (0x000000008c7dc788) 
thrown [s\open\src\hotspot\share\interpreter\linkResolver.cpp, line 805]
Event: 4132.963 Thread 0x00000145ca3599a0 Exception <a 'java/io/FileNotFoundException'{0x000000008c683170}> (0x000000008c683170) 
thrown [s\open\src\hotspot\share\prims\jni.cpp, line 518]
Event: 4132.965 Thread 0x00000145ca3599a0 Exception <a 'java/io/FileNotFoundException'{0x000000008c68d6d8}> (0x000000008c68d6d8) 
thrown [s\open\src\hotspot\share\prims\jni.cpp, line 518]
Event: 4806.934 Thread 0x00000145ca3599a0 Exception <a 'java/lang/NoSuchMethodError'{0x000000008c55c0f8}: 'java.lang.Object java.lang.invoke.DelegatingMethodHandle$Holder.reinvoke_L(java.lang.Object, java.lang.Object, int, int, java.lang.Object)'> (0x000000008c55c0f8) 
thrown [s\open\src\hotspot\share\interpreter\linkResolver.cpp, line 805]
Event: 4807.149 Thread 0x00000145ca3599a0 Exception <a 'java/lang/IncompatibleClassChangeError'{0x000000008c2e8848}: Found class java.lang.Object, but interface was expected> (0x000000008c2e8848) 
thrown [s\open\src\hotspot\share\interpreter\linkResolver.cpp, line 872]
Event: 4807.166 Thread 0x00000145ca3599a0 Exception <a 'java/lang/NoSuchMethodError'{0x000000008c17c818}: 'long java.lang.invoke.DelegatingMethodHandle$Holder.reinvoke_L(java.lang.Object, java.lang.Object)'> (0x000000008c17c818) 
thrown [s\open\src\hotspot\share\interpreter\linkResolver.cpp, line 805]
Event: 4807.170 Thread 0x00000145ca3599a0 Exception <a 'java/lang/IncompatibleClassChangeError'{0x000000008c1958b0}: Found class java.lang.Object, but interface was expected> (0x000000008c1958b0) 
thrown [s\open\src\hotspot\share\interpreter\linkResolver.cpp, line 872]
Event: 4807.170 Thread 0x00000145ca3599a0 Exception <a 'java/lang/IncompatibleClassChangeError'{0x000000008c196b90}: Found class java.lang.Object, but interface was expected> (0x000000008c196b90) 
thrown [s\open\src\hotspot\share\interpreter\linkResolver.cpp, line 872]
Event: 4807.171 Thread 0x00000145ca3599a0 Exception <a 'java/lang/IncompatibleClassChangeError'{0x000000008c19a710}: Found class java.lang.Object, but interface was expected> (0x000000008c19a710) 
thrown [s\open\src\hotspot\share\interpreter\linkResolver.cpp, line 872]
Event: 5442.108 Thread 0x00000145ca3599a0 Exception <a 'java/lang/NoSuchMethodError'{0x00000000906e0d48}: 'java.lang.Object java.lang.invoke.DirectMethodHandle$Holder.invokeInterface(java.lang.Object, java.lang.Object, java.lang.Object, java.lang.Object, java.lang.Object)'> (0x00000000906e0d48) 
thrown [s\open\src\hotspot\share\interpreter\linkResolver.cpp, line 805]
Event: 10136.575 Thread 0x00000145ca35a840 Exception <a 'java/io/IOException'{0x00000000902d5260}> (0x00000000902d5260) 
thrown [s\open\src\hotspot\share\prims\jni.cpp, line 518]
Event: 10223.961 Thread 0x00000145ca35a0f0 Exception <a 'java/io/IOException'{0x000000009a110088}> (0x000000009a110088) 
thrown [s\open\src\hotspot\share\prims\jni.cpp, line 518]

VM Operations (20 events):
Event: 10232.247 Executing VM operation: G1CollectForAllocation (G1 Evacuation Pause) done
Event: 10265.783 Executing VM operation: G1CollectForAllocation (G1 Evacuation Pause)
Event: 10265.807 Executing VM operation: G1CollectForAllocation (G1 Evacuation Pause) done
Event: 10282.256 Executing VM operation: HandshakeAllThreads (HandshakeForDeflation)
Event: 10282.256 Executing VM operation: HandshakeAllThreads (HandshakeForDeflation) done
Event: 10282.257 Executing VM operation: RendezvousGCThreads
Event: 10282.257 Executing VM operation: RendezvousGCThreads done
Event: 10342.915 Executing VM operation: G1CollectForAllocation (G1 Evacuation Pause)
Event: 10342.922 Executing VM operation: G1CollectForAllocation (G1 Evacuation Pause) done
Event: 10371.583 Executing VM operation: G1CollectForAllocation (G1 Evacuation Pause)
Event: 10371.833 Executing VM operation: G1CollectForAllocation (G1 Evacuation Pause) done
Event: 10371.995 Executing VM operation: G1CollectForAllocation (G1 Evacuation Pause)
Event: 10372.162 Executing VM operation: G1CollectForAllocation (G1 Evacuation Pause) done
Event: 10372.893 Executing VM operation: G1PauseRemark
Event: 10372.992 Executing VM operation: G1PauseRemark done
Event: 10373.016 Executing VM operation: G1PauseCleanup
Event: 10373.016 Executing VM operation: G1PauseCleanup done
Event: 10373.213 Executing VM operation: G1CollectForAllocation (G1 Evacuation Pause)
Event: 10373.233 Executing VM operation: G1CollectForAllocation (G1 Evacuation Pause) done
Event: 10383.978 Executing VM operation: G1CollectForAllocation (G1 Evacuation Pause)

Memory protections (0 events):
No events

Nmethod flushes (20 events):
Event: 9910.996 Thread 0x00000145ff897b60 flushing  nmethod 0x00000145fa6baa88
Event: 9910.996 Thread 0x00000145ff897b60 flushing  nmethod 0x00000145fa6bad88
Event: 9910.996 Thread 0x00000145ff897b60 flushing  nmethod 0x00000145fa6bb088
Event: 9910.996 Thread 0x00000145ff897b60 flushing  nmethod 0x00000145fa6c1d88
Event: 9910.996 Thread 0x00000145ff897b60 flushing  nmethod 0x00000145fa6c2088
Event: 9910.996 Thread 0x00000145ff897b60 flushing  nmethod 0x00000145fa6c2388
Event: 9910.996 Thread 0x00000145ff897b60 flushing  nmethod 0x00000145fa6c2688
Event: 9910.996 Thread 0x00000145ff897b60 flushing  nmethod 0x00000145fa6c4b08
Event: 9910.996 Thread 0x00000145ff897b60 flushing  nmethod 0x00000145fa6c5408
Event: 9910.996 Thread 0x00000145ff897b60 flushing  nmethod 0x00000145fa6c6688
Event: 9910.996 Thread 0x00000145ff897b60 flushing  nmethod 0x00000145fa6c6988
Event: 9910.996 Thread 0x00000145ff897b60 flushing  nmethod 0x00000145fa779508
Event: 9910.996 Thread 0x00000145ff897b60 flushing  nmethod 0x00000145fa779908
Event: 9910.996 Thread 0x00000145ff897b60 flushing  nmethod 0x00000145fa77d388
Event: 9910.996 Thread 0x00000145ff897b60 flushing  nmethod 0x00000145fa77d688
Event: 9910.996 Thread 0x00000145ff897b60 flushing  nmethod 0x00000145fa77d988
Event: 9910.996 Thread 0x00000145ff897b60 flushing  nmethod 0x00000145fa77df88
Event: 9910.996 Thread 0x00000145ff897b60 flushing  nmethod 0x00000145fa77e288
Event: 9910.996 Thread 0x00000145ff897b60 flushing  nmethod 0x00000145fa77ef88
Event: 9910.996 Thread 0x00000145ff897b60 flushing  nmethod 0x00000145fa77f788

Events (20 events):
Event: 8905.495 Thread 0x00000145ca3aa7b0 Thread exited: 0x00000145ca3aa7b0
Event: 8905.560 Thread 0x00000145ca3b1560 Thread exited: 0x00000145ca3b1560
Event: 8906.288 Thread 0x00000145c950c020 Thread added: 0x00000145ca3b1560
Event: 8906.291 Thread 0x00000145ca3b1560 Thread added: 0x00000145ca3aa7b0
Event: 8911.318 Thread 0x00000145ca3b1560 Thread exited: 0x00000145ca3b1560
Event: 8911.386 Thread 0x00000145ca3aa7b0 Thread exited: 0x00000145ca3aa7b0
Event: 9912.280 Thread 0x00000145ff8bad20 Thread added: 0x0000014582e02750
Event: 9916.273 Thread 0x0000014582e02750 Thread exited: 0x0000014582e02750
Event: 10157.131 Thread 0x00000145ff8bad20 Thread added: 0x0000014582e03670
Event: 10157.132 Thread 0x00000145ff8bad20 Thread added: 0x0000014582e05c40
Event: 10157.133 Thread 0x00000145ff8bad20 Thread added: 0x0000014582e00910
Event: 10158.811 Thread 0x0000014582e00910 Thread exited: 0x0000014582e00910
Event: 10158.811 Thread 0x0000014582e05c40 Thread exited: 0x0000014582e05c40
Event: 10163.810 Thread 0x0000014582e03670 Thread exited: 0x0000014582e03670
Event: 10234.019 Thread 0x00000145ff8bad20 Thread added: 0x0000014582e054b0
Event: 10234.972 Thread 0x00000145ff8bad20 Thread added: 0x0000014582e06b60
Event: 10234.972 Thread 0x00000145ff8bad20 Thread added: 0x0000014582e04590
Event: 10240.097 Thread 0x0000014582e04590 Thread exited: 0x0000014582e04590
Event: 10245.097 Thread 0x0000014582e06b60 Thread exited: 0x0000014582e06b60
Event: 10245.097 Thread 0x0000014582e054b0 Thread exited: 0x0000014582e054b0


Dynamic libraries:
0x00007ff77a440000 - 0x00007ff77a450000 	C:\Program Files\Java\jdk-24\bin\java.exe
0x00007ffdce750000 - 0x00007ffdce967000 	C:\Windows\SYSTEM32\ntdll.dll
0x00007ffdcde70000 - 0x00007ffdcdf34000 	C:\Windows\System32\KERNEL32.DLL
0x00007ffdcbb60000 - 0x00007ffdcbf32000 	C:\Windows\System32\KERNELBASE.dll
0x00007ffdcb840000 - 0x00007ffdcb951000 	C:\Windows\System32\ucrtbase.dll
0x00007ffd82450000 - 0x00007ffd82466000 	C:\Program Files\Java\jdk-24\bin\jli.dll
0x00007ffd813e0000 - 0x00007ffd813fb000 	C:\Program Files\Java\jdk-24\bin\VCRUNTIME140.dll
0x00007ffdcdf40000 - 0x00007ffdce0f1000 	C:\Windows\System32\USER32.dll
0x00007ffdcba00000 - 0x00007ffdcba26000 	C:\Windows\System32\win32u.dll
0x00007ffdb9550000 - 0x00007ffdb97eb000 	C:\Windows\WinSxS\amd64_microsoft.windows.common-controls_6595b64144ccf1df_6.0.22621.5413_none_270da5617387a498\COMCTL32.dll
0x00007ffdce1b0000 - 0x00007ffdce1d9000 	C:\Windows\System32\GDI32.dll
0x00007ffdce410000 - 0x00007ffdce4b7000 	C:\Windows\System32\msvcrt.dll
0x00007ffdcba30000 - 0x00007ffdcbb53000 	C:\Windows\System32\gdi32full.dll
0x00007ffdcb960000 - 0x00007ffdcb9fa000 	C:\Windows\System32\msvcp_win.dll
0x00007ffdcc580000 - 0x00007ffdcc5b1000 	C:\Windows\System32\IMM32.DLL
0x00007ffd96c20000 - 0x00007ffd96c2c000 	C:\Program Files\Java\jdk-24\bin\vcruntime140_1.dll
0x00007ffd14630000 - 0x00007ffd146be000 	C:\Program Files\Java\jdk-24\bin\msvcp140.dll
0x00007ffcd64d0000 - 0x00007ffcd7272000 	C:\Program Files\Java\jdk-24\bin\server\jvm.dll
0x00007ffdccd40000 - 0x00007ffdccdf1000 	C:\Windows\System32\ADVAPI32.dll
0x00007ffdcdda0000 - 0x00007ffdcde48000 	C:\Windows\System32\sechost.dll
0x00007ffdcbf40000 - 0x00007ffdcbf68000 	C:\Windows\System32\bcrypt.dll
0x00007ffdcdc10000 - 0x00007ffdcdd24000 	C:\Windows\System32\RPCRT4.dll
0x00007ffdcc5c0000 - 0x00007ffdcc631000 	C:\Windows\System32\WS2_32.dll
0x00007ffdcb710000 - 0x00007ffdcb75d000 	C:\Windows\SYSTEM32\POWRPROF.dll
0x00007ffdc1700000 - 0x00007ffdc1734000 	C:\Windows\SYSTEM32\WINMM.dll
0x00007ffdc2250000 - 0x00007ffdc225a000 	C:\Windows\SYSTEM32\VERSION.dll
0x00007ffdcb6f0000 - 0x00007ffdcb703000 	C:\Windows\SYSTEM32\UMPDC.dll
0x00007ffdca7d0000 - 0x00007ffdca7e8000 	C:\Windows\SYSTEM32\kernel.appcore.dll
0x00007ffd8ca10000 - 0x00007ffd8ca1a000 	C:\Program Files\Java\jdk-24\bin\jimage.dll
0x00007ffdc9260000 - 0x00007ffdc9492000 	C:\Windows\SYSTEM32\DBGHELP.DLL
0x00007ffdccfa0000 - 0x00007ffdcd333000 	C:\Windows\System32\combase.dll
0x00007ffdce4c0000 - 0x00007ffdce597000 	C:\Windows\System32\OLEAUT32.dll
0x00007ffda47c0000 - 0x00007ffda47f2000 	C:\Windows\SYSTEM32\dbgcore.DLL
0x00007ffdcc1a0000 - 0x00007ffdcc21b000 	C:\Windows\System32\bcryptPrimitives.dll
0x00007ffd811b0000 - 0x00007ffd811ce000 	C:\Program Files\Java\jdk-24\bin\java.dll
0x00007ffdcc3e0000 - 0x00007ffdcc580000 	C:\Windows\System32\ole32.dll
0x00007ffdcd340000 - 0x00007ffdcdbe2000 	C:\Windows\System32\SHELL32.dll
0x00007ffdcc220000 - 0x00007ffdcc35f000 	C:\Windows\System32\wintypes.dll
0x00007ffdc9720000 - 0x00007ffdca03d000 	C:\Windows\SYSTEM32\windows.storage.dll
0x00007ffdce300000 - 0x00007ffdce40b000 	C:\Windows\System32\SHCORE.dll
0x00007ffdce280000 - 0x00007ffdce2e9000 	C:\Windows\System32\shlwapi.dll
0x00007ffdcb770000 - 0x00007ffdcb79b000 	C:\Windows\SYSTEM32\profapi.dll
0x00007ffd79c90000 - 0x00007ffd79ca7000 	C:\Program Files\Java\jdk-24\bin\zip.dll
0x00007ffd8c680000 - 0x00007ffd8c690000 	C:\Program Files\Java\jdk-24\bin\net.dll
0x00007ffdcacb0000 - 0x00007ffdcad19000 	C:\Windows\system32\mswsock.dll
0x00007ffd7fa20000 - 0x00007ffd7fa36000 	C:\Program Files\Java\jdk-24\bin\nio.dll
0x00007ffd82440000 - 0x00007ffd8244a000 	C:\Program Files\Java\jdk-24\bin\management.dll
0x00007ffd823b0000 - 0x00007ffd823bb000 	C:\Program Files\Java\jdk-24\bin\management_ext.dll
0x00007ffdce2f0000 - 0x00007ffdce2f8000 	C:\Windows\System32\PSAPI.DLL
0x00007ffd81fc0000 - 0x00007ffd81fce000 	C:\Program Files\Java\jdk-24\bin\sunmscapi.dll
0x00007ffdcc030000 - 0x00007ffdcc197000 	C:\Windows\System32\CRYPT32.dll
0x00007ffdcb0e0000 - 0x00007ffdcb10d000 	C:\Windows\SYSTEM32\ncrypt.dll
0x00007ffdcb0a0000 - 0x00007ffdcb0d7000 	C:\Windows\SYSTEM32\NTASN1.dll
0x00007ffdcaee0000 - 0x00007ffdcaefb000 	C:\Windows\SYSTEM32\CRYPTSP.dll
0x00007ffdca790000 - 0x00007ffdca7c7000 	C:\Windows\system32\rsaenh.dll
0x00007ffdcad70000 - 0x00007ffdcad98000 	C:\Windows\SYSTEM32\USERENV.dll
0x00007ffdcaed0000 - 0x00007ffdcaedc000 	C:\Windows\SYSTEM32\CRYPTBASE.dll
0x00007ffdca2a0000 - 0x00007ffdca2cd000 	C:\Windows\SYSTEM32\IPHLPAPI.DLL
0x00007ffdcde60000 - 0x00007ffdcde69000 	C:\Windows\System32\NSI.dll
0x00007ffdca310000 - 0x00007ffdca408000 	C:\Windows\SYSTEM32\DNSAPI.dll
0x00007ffdc1100000 - 0x00007ffdc110a000 	C:\Windows\System32\rasadhlp.dll
0x00007ffdc0e60000 - 0x00007ffdc0ee4000 	C:\Windows\System32\fwpuclnt.dll
0x00007ffd81f20000 - 0x00007ffd81f29000 	C:\Program Files\Java\jdk-24\bin\extnet.dll
0x00007ffd82ad0000 - 0x00007ffd82ae0000 	C:\Program Files\Java\jdk-24\bin\verify.dll
0x00007ffd10b90000 - 0x00007ffd10b98000 	C:\Windows\system32\wshunix.dll
0x00007ffd991b0000 - 0x00007ffd991c7000 	C:\Windows\system32\napinsp.dll
0x00007ffd99190000 - 0x00007ffd991ab000 	C:\Windows\system32\pnrpnsp.dll
0x00007ffd92980000 - 0x00007ffd92991000 	C:\Windows\System32\winrnr.dll
0x00007ffd8ff70000 - 0x00007ffd8ff8f000 	C:\Windows\system32\wshbth.dll
0x00007ffd41900000 - 0x00007ffd41921000 	C:\Windows\system32\nlansp_c.dll

JVMTI agents: none

dbghelp: loaded successfully - version: 4.0.5 - missing functions: none
symbol engine: initialized successfully - sym options: 0x614 - pdb path: .;C:\Program Files\Java\jdk-24\bin;C:\Windows\SYSTEM32;C:\Windows\WinSxS\amd64_microsoft.windows.common-controls_6595b64144ccf1df_6.0.22621.5413_none_270da5617387a498;C:\Program Files\Java\jdk-24\bin\server

VM Arguments:
jvm_args: -XX:TieredStopAtLevel=1 
java_command: com.group3.backend.BackendApplication
java_class_path (initial): D:\UNI stuff\2025,semester 5\SWP301 BE\fertility-system-backend\target\classes;C:\Users\NGHIA\.m2\repository\ch\qos\logback\logback-classic\1.5.18\logback-classic-1.5.18.jar;C:\Users\NGHIA\.m2\repository\ch\qos\logback\logback-core\1.5.18\logback-core-1.5.18.jar;C:\Users\NGHIA\.m2\repository\org\apache\logging\log4j\log4j-to-slf4j\2.24.3\log4j-to-slf4j-2.24.3.jar;C:\Users\NGHIA\.m2\repository\org\apache\logging\log4j\log4j-api\2.24.3\log4j-api-2.24.3.jar;C:\Users\NGHIA\.m2\repository\org\slf4j\jul-to-slf4j\2.0.17\jul-to-slf4j-2.0.17.jar;C:\Users\NGHIA\.m2\repository\jakarta\annotation\jakarta.annotation-api\2.1.1\jakarta.annotation-api-2.1.1.jar;C:\Users\NGHIA\.m2\repository\org\yaml\snakeyaml\2.3\snakeyaml-2.3.jar;C:\Users\NGHIA\.m2\repository\com\fasterxml\jackson\datatype\jackson-datatype-jdk8\2.18.3\jackson-datatype-jdk8-2.18.3.jar;C:\Users\NGHIA\.m2\repository\com\fasterxml\jackson\datatype\jackson-datatype-jsr310\2.18.3\jackson-datatype-jsr310-2.18.3.jar;C:\Users\NGHIA\.m2\repository\com\fasterxml\jackson\module\jackson-module-parameter-names\2.18.3\jackson-module-parameter-names-2.18.3.jar;C:\Users\NGHIA\.m2\repository\org\apache\tomcat\embed\tomcat-embed-core\10.1.39\tomcat-embed-core-10.1.39.jar;C:\Users\NGHIA\.m2\repository\org\apache\tomcat\embed\tomcat-embed-websocket\10.1.39\tomcat-embed-websocket-10.1.39.jar;C:\Users\NGHIA\.m2\repository\org\springframework\spring-web\6.2.5\spring-web-6.2.5.jar;C:\Users\NGHIA\.m2\repository\org\springframework\spring-beans\6.2.5\spring-beans-6.2.5.jar;C:\Users\NGHIA\.m2\repository\io\micrometer\micrometer-observation\1.14.5\micrometer-observation-1.14.5.jar;C:\Users\NGHIA\.m2\repository\io\micrometer\micrometer-commons\1.14.5\micrometer-commons-1.14.5.jar;C:\Users\NGHIA\.m2\repository\org\springframework\spring-webmvc\6.2.5\spring-webmvc-6.2.5.jar;C:\Users\NGHIA\.m2\repository\org\springframework\spring-context\6.2.5\spring-context-6.2.5.jar;C:\Users\NGHIA\.m2\repository\org\springframework\spring-expression\6.2.5\spring-expression-6.2.5.jar;C:\Users\NGHIA\.m2\repository\com\zaxxer\HikariCP\5.1.0\HikariCP-5.1.0.jar;C:\Users\NGHIA\.m2\repository\org\springframework\spring-jdbc\6.2.5\spring-jdbc-6.2.5.jar;C:\Users\NGHIA\.m2\repository\org\hibernate\orm\hibernate-core\6.6.11.Final\hibernate-core-6.6.11.Final.jar;C:\Users\NGHIA\.m2\repository\jakarta\persistence\jakarta.persistence-api\3.1.0\jakarta.persistence-api-3.1.0.jar;C:\Users\NGHIA\.m2\repository\jakarta\transaction\jakarta.transaction-api\2.0.1\jakarta.transaction-api-2.0.1.jar;C:\Users\NGHIA\.m2\repository\org\jboss\logging\jboss-logging\3.6.1.Final\jboss-logging-3.6.1.Final.jar;C:\Users\NGHIA\.m2\repository\org\hibernate\common\hibernate-commons-annotations\7.0.3.Final\hibernate-commons-annotations-7.0.3.Final.jar;C:\Users\NGHIA\.m2\repository\io\smallrye\jandex\3.2.0\jandex-3.2.0.jar;C:\Users\NGHIA\.m2\repository\com\fasterxml\classmate\1.7.0\classmate-1.7.0.jar;C:\Users\NGHIA\.m2\repository\net\bytebuddy\byte-buddy\1.15.11\byte-buddy-1.15.11.jar;C:\Users\NGHIA\.m2\repository\org\glassfish\jaxb\jaxb-runtime\4.0.5\jaxb-runtime-4.0.5.jar;C:\Users\NGHIA\.m2\repository\org\glassfish\jaxb\jaxb-core\4.0.5\jaxb-core-4.0.5.jar;C:\Users\NGHIA\.m2\repository\org\glassfish\jaxb\txw2\4.0.5\txw2-4.0.5.jar;C:\Users\NGHIA\.m2\repository\com\sun\istack\istack-commons-runtime\4.1.2\istack-commons-runtime-4.1.2.jar;C:\Users\NGHIA\.m2\repository\jakarta\inject\jakarta.inject-api\2.0.1\jakarta.inject-api-2.0.1.jar;C:\Users\NGHIA\.m2\repository\org\antlr\antlr4-runtime\4.13.0\antlr4-runtime-4.13.0.jar;C:\Users\NGHIA\.m2\repository\org\springframework\data\spring-data-jpa\3.4.4\spring-data-jpa-3.4.4.jar;C:\Users\NGHIA\.m2\repository\org\springframework\data\spring-data-commons\3.4.4\spring-data-commons-3.4.4.jar;C:\Users\NGHIA\.m2\repository\org\springframework\spring-orm\6.2.5\spring-orm-6.2.5.jar;C:\Users\NGHIA\.m2\repository\org\springframework\spring-tx\6.2.5\spring-tx-6.2.5.jar;C:\Users\NGHIA\.m2\repository\org\slf4j\slf4j-api\2.0.17\slf4j-api-2.0.17.jar;C:\Users\NGHIA\.m2\repository\org\springframework\spring-aspects\6.2.5\spring-aspects-6.2.5.jar;C:\Users\NGHIA\.m2\repository\org\aspectj\aspectjweaver\1.9.23\aspectjweaver-1.9.23.jar;C:\Users\NGHIA\.m2\repository\org\springdoc\springdoc-openapi-starter-webmvc-ui\2.8.9\springdoc-openapi-starter-webmvc-ui-2.8.9.jar;C:\Users\NGHIA\.m2\repository\org\springdoc\springdoc-openapi-starter-webmvc-api\2.8.9\springdoc-openapi-starter-webmvc-api-2.8.9.jar;C:\Users\NGHIA\.m2\repository\org\springdoc\springdoc-openapi-starter-common\2.8.9\springdoc-openapi-starter-common-2.8.9.jar;C:\Users\NGHIA\.m2\repository\io\swagger\core\v3\swagger-core-jakarta\2.2.30\swagger-core-jakarta-2.2.30.jar;C:\Users\NGHIA\.m2\repository\io\swagger\core\v3\swagger-annotations-jakarta\2.2.30\swagger-annotations-jakarta-2.2.30.jar;C:\Users\NGHIA\.m2\repository\io\swagger\core\v3\swagger-models-jakarta\2.2.30\swagger-models-jakarta-2.2.30.jar;C:\Users\NGHIA\.m2\repository\com\fasterxml\jackson\dataformat\jackson-dataformat-yaml\2.18.3\jackson-dataformat-yaml-2.18.3.jar;C:\Users\NGHIA\.m2\repository\org\webjars\swagger-ui\5.21.0\swagger-ui-5.21.0.jar;C:\Users\NGHIA\.m2\repository\org\webjars\webjars-locator-lite\1.0.1\webjars-locator-lite-1.0.1.jar;C:\Users\NGHIA\.m2\repository\org\jspecify\jspecify\1.0.0\jspecify-1.0.0.jar;C:\Users\NGHIA\.m2\repository\jakarta\xml\bind\jakarta.xml.bind-api\4.0.2\jakarta.xml.bind-api-4.0.2.jar;C:\Users\NGHIA\.m2\repository\jakarta\activation\jakarta.activation-api\2.1.3\jakarta.activation-api-2.1.3.jar;C:\Users\NGHIA\.m2\repository\org\springframework\spring-core\6.2.5\spring-core-6.2.5.jar;C:\Users\NGHIA\.m2\repository\org\springframework\spring-jcl\6.2.5\spring-jcl-6.2.5.jar;C:\Users\NGHIA\.m2\repository\io\jsonwebtoken\jjwt-api\0.12.6\jjwt-api-0.12.6.jar;C:\Users\NGHIA\.m2\repository\io\jsonwebtoken\jjwt-impl\0.12.6\jjwt-impl-0.12.6.jar;C:\Users\NGHIA\.m2\repository\io\jsonwebtoken\jjwt-jackson\0.12.6\jjwt-jackson-0.12.6.jar;C:\Users\NGHIA\.m2\repository\com\fasterxml\jackson\core\jackson-databind\2.18.3\jackson-databind-2.18.3.jar;C:\Users\NGHIA\.m2\repository\com\fasterxml\jackson\core\jackson-annotations\2.18.3\jackson-annotations-2.18.3.jar;C:\Users\NGHIA\.m2\repository\com\fasterxml\jackson\core\jackson-core\2.18.3\jackson-core-2.18.3.jar;C:\Users\NGHIA\.m2\repository\org\springframework\spring-aop\6.2.5\spring-aop-6.2.5.jar;C:\Users\NGHIA\.m2\repository\org\springframework\security\spring-security-config\6.4.4\spring-security-config-6.4.4.jar;C:\Users\NGHIA\.m2\repository\org\springframework\security\spring-security-web\6.4.4\spring-security-web-6.4.4.jar;C:\Users\NGHIA\.m2\repository\org\postgresql\postgresql\42.7.5\postgresql-42.7.5.jar;C:\Users\NGHIA\.m2\repository\org\checkerframework\checker-qual\3.48.3\checker-qual-3.48.3.jar;C:\Users\NGHIA\.m2\repository\org\springframework\security\spring-security-core\6.4.4\spring-security-core-6.4.4.jar;C:\Users\NGHIA\.m2\repository\org\springframework\security\spring-security-crypto\6.4.4\spring-security-crypto-6.4.4.jar;C:\Users\NGHIA\.m2\repository\org\apache\tomcat\embed\tomcat-embed-el\10.1.39\tomcat-embed-el-10.1.39.jar;C:\Users\NGHIA\.m2\repository\org\hibernate\validator\hibernate-validator\8.0.2.Final\hibernate-validator-8.0.2.Final.jar;C:\Users\NGHIA\.m2\repository\jakarta\validation\jakarta.validation-api\3.0.2\jakarta.validation-api-3.0.2.jar;C:\Users\NGHIA\.m2\repository\org\bouncycastle\bcprov-jdk18on\1.80\bcprov-jdk18on-1.80.jar;C:\Users\NGHIA\.m2\repository\org\springframework\boot\spring-boot-devtools\3.4.4\spring-boot-devtools-3.4.4.jar;C:\Users\NGHIA\.m2\repository\org\springframework\boot\spring-boot\3.4.4\spring-boot-3.4.4.jar;C:\Users\NGHIA\.m2\repository\org\springframework\boot\spring-boot-autoconfigure\3.4.4\spring-boot-autoconfigure-3.4.4.jar;C:\Users\NGHIA\.m2\repository\com\cloudinary\cloudinary-http44\1.32.2\cloudinary-http44-1.32.2.jar;C:\Users\NGHIA\.m2\repository\com\cloudinary\cloudinary-core\1.32.2\cloudinary-core-1.32.2.jar;C:\Users\NGHIA\.m2\repository\org\apache\commons\commons-lang3\3.17.0\commons-lang3-3.17.0.jar;C:\Users\NGHIA\.m2\repository\org\apache\httpcomponents\httpclient\4.4\httpclient-4.4.jar;C:\Users\NGHIA\.m2\repository\org\apache\httpcomponents\httpcore\4.4.16\httpcore-4.4.16.jar;C:\Users\NGHIA\.m2\repository\commons-logging\commons-logging\1.2\commons-logging-1.2.jar;C:\Users\NGHIA\.m2\repository\commons-codec\commons-codec\1.17.2\commons-codec-1.17.2.jar;C:\Users\NGHIA\.m2\repository\org\apache\httpcomponents\httpmime\4.4\httpmime-4.4.jar;C:\Users\NGHIA\.m2\repository\org\mapstruct\mapstruct\1.5.5.Final\mapstruct-1.5.5.Final.jar;C:\Users\NGHIA\.m2\repository\org\springframework\spring-context-support\6.2.5\spring-context-support-6.2.5.jar;C:\Users\NGHIA\.m2\repository\org\eclipse\angus\jakarta.mail\2.0.3\jakarta.mail-2.0.3.jar;C:\Users\NGHIA\.m2\repository\org\eclipse\angus\angus-activation\2.0.2\angus-activation-2.0.2.jar
Launcher Type: SUN_STANDARD

[Global flags]
     intx CICompilerCount                          = 4                                         {product} {ergonomic}
     uint ConcGCThreads                            = 3                                         {product} {ergonomic}
     uint G1ConcRefinementThreads                  = 10                                        {product} {ergonomic}
   size_t G1HeapRegionSize                         = 1048576                                   {product} {ergonomic}
   size_t InitialHeapSize                          = 130023424                                 {product} {ergonomic}
   size_t MarkStackSize                            = 4194304                                   {product} {ergonomic}
   size_t MarkStackSizeMax                         = 536870912                                 {product} {ergonomic}
   size_t MaxHeapSize                              = 2069889024                                {product} {ergonomic}
   size_t MaxNewSize                               = 1241513984                                {product} {ergonomic}
   size_t MinHeapDeltaBytes                        = 1048576                                   {product} {ergonomic}
   size_t MinHeapSize                              = 8388608                                   {product} {ergonomic}
    uintx NonNMethodCodeHeapSize                   = 4096                                   {pd product} {ergonomic}
    uintx NonProfiledCodeHeapSize                  = 0                                      {pd product} {ergonomic}
     bool ProfileInterpreter                       = false                                  {pd product} {command line}
    uintx ProfiledCodeHeapSize                     = 0                                      {pd product} {ergonomic}
   size_t SoftMaxHeapSize                          = 2069889024                             {manageable} {ergonomic}
     intx TieredStopAtLevel                        = 1                                         {product} {command line}
     bool UseCompressedOops                        = true                           {product lp64_product} {ergonomic}
     bool UseG1GC                                  = true                                      {product} {ergonomic}
     bool UseLargePagesIndividualAllocation        = false                                  {pd product} {ergonomic}

Logging:
Log output configuration:
 #0: stdout all=warning uptime,level,tags foldmultilines=false
 #1: stderr all=off uptime,level,tags foldmultilines=false

Environment Variables:
JAVA_HOME=C:\Program Files\Java\jdk-24
PATH=C:\Program Files\Common Files\Oracle\Java\javapath;C:\Windows\system32;C:\Windows;C:\Windows\System32\Wbem;C:\Windows\System32\WindowsPowerShell\v1.0\;C:\Program Files (x86)\VMware\VMware Workstation\bin\;C:\Windows\System32\OpenSSH\;C:\Program Files (x86)\NVIDIA Corporation\PhysX\Common;C:\Program Files\NVIDIA Corporation\NVIDIA NvDLISR;C:\Program Files\Microsoft SQL Server\150\Tools\Binn\;C:\Program Files\Microsoft SQL Server\Client SDK\ODBC\170\Tools\Binn\;C:\Program Files\dotnet\;C:\Program Files\Git\cmd;C:\Program Files\Azure Data Studio\bin;C:\Program Files (x86)\Microsoft SQL Server\160\Tools\Binn\;C:\Program Files\Microsoft SQL Server\160\Tools\Binn\;C:\Program Files\Microsoft SQL Server\160\DTS\Binn\;C:\Program Files\Go\bin;C:\Program Files\Go\bin;C:\MinGW\bin;C:\TDM-GCC-64\bin;C:\Users\NGHIA\apache-maven-3.9.6\bin;C:\Program Files\PostgreSQL\16\bin;C:\Program Files (x86)\Microsoft SQL Server\160\DTS\Binn\;C:\Program Files\Docker\Docker\resources\bin;C:\Program Files\Java\jdk1.8.0_202\bin;C:\Program Files\nodejs\;D:\Docker\Docker\resources\bin;C:\Users\NGHIA\AppData\Local\Programs\Python\Python313\Scripts\;C:\Users\NGHIA\AppData\Local\Programs\Python\Python313\;C:\Users\NGHIA\AppData\Local\Programs\Python\Launcher\;D:\DevelopmentFiles\flutter\bin;C:\Users\NGHIA\AppData\Local\Microsoft\WindowsApps;C:\Users\NGHIA\.dotnet\tools;C:\Users\NGHIA\AppData\Local\Programs\Microsoft VS Code\bin;C:\Program Files\Azure Data Studio\bin;C:\Users\NGHIA\go\bin;C:\Users\NGHIA\apache-maven-3.9.10\bin;C:\Users\NGHIA\AppData\Local\GitHubDesktop\bin;C:\Users\NGHIA\AppData\Local\Microsoft\WinGet\Links;C:\Users\NGHIA\AppData\Roaming\npm;C:\Users\NGHIA\AppData\Local\Programs\Windsurf\bin;C:\Program Files\JetBrains\IntelliJ IDEA 2025.1.1.1\bin;;C:\Program Files\Java\jdk-24\bin;C:\Users\NGHIA\apache-maven-3.9.10\bin;;c:\Users\NGHIA\AppData\Roaming\Code\User\globalStorage\github.copilot-chat\debugCommand
USERNAME=NGHIA
LANG=en_US.UTF-8
OS=Windows_NT
PROCESSOR_IDENTIFIER=Intel64 Family 6 Model 141 Stepping 1, GenuineIntel
TMP=C:\Users\NGHIA\AppData\Local\Temp
TEMP=C:\Users\NGHIA\AppData\Local\Temp




Periodic native trim disabled

---------------  S Y S T E M  ---------------

OS:
 Windows 11 , 64 bit Build 22621 (10.0.22621.5413)
OS uptime: 0 days 6:01 hours
Hyper-V role detected

CPU: total 12 (initial active 12) (6 cores per cpu, 2 threads per core) family 6 model 141 stepping 1 microcode 0x34, cx8, cmov, fxsr, ht, mmx, 3dnowpref, sse, sse2, sse3, ssse3, sse4.1, sse4.2, popcnt, lzcnt, tsc, tscinvbit, avx, avx2, aes, erms, clmul, bmi1, bmi2, adx, avx512f, avx512dq, avx512cd, avx512bw, avx512vl, sha, fma, vzeroupper, avx512_vpopcntdq, avx512_vpclmulqdq, avx512_vaes, avx512_vnni, clflush, clflushopt, clwb, avx512_vbmi2, avx512_vbmi, hv, rdtscp, rdpid, fsrm, gfni, avx512_bitalg, f16c, cet_ibt, cet_ss, avx512_ifma
Processor Information for the first 12 processors :
  Max Mhz: 2688, Current Mhz: 2688, Mhz Limit: 2688

Memory: 4k page, system-wide physical 7893M (975M free)
TotalPageFile size 32469M (AvailPageFile size 64M)
current process WorkingSet (physical memory assigned to process): 185M, peak: 356M
current process commit charge ("private bytes"): 934M, peak: 1315M

vm_info: Java HotSpot(TM) 64-Bit Server VM (24.0.1+9-30) for windows-amd64 JRE (24.0.1+9-30), built on 2025-03-05T07:23:45Z with MS VC++ 17.6 (VS2022)

END.
